,Age,EmploymentType,GraduateOr0t,AnnualIncome,FamilyMembers,ChronicDiseases,FrequentFlyer,EverTravelledAbroad,TravelInsurance
0,31,0,1,400000,6,1,0,0,0
1,31,1,1,1250000,7,0,0,0,0
2,34,1,1,500000,4,1,0,0,1
3,28,1,1,700000,3,1,0,0,0
4,28,1,1,700000,8,1,1,0,0
5,25,1,0,1150000,4,0,0,0,0
6,31,0,1,1300000,4,0,0,0,0
7,31,1,1,1350000,3,0,1,1,1
8,28,1,1,1450000,6,1,1,1,1
9,33,0,1,800000,3,0,1,0,0
10,31,0,1,400000,9,1,0,0,0
11,26,1,1,1400000,5,0,1,1,1
12,32,0,1,850000,6,0,0,0,1
13,31,0,1,1500000,6,0,1,1,1
14,31,0,1,400000,3,0,0,0,0
15,34,1,1,700000,7,0,0,0,0
16,28,1,1,1150000,4,1,0,0,0
17,28,1,1,800000,7,0,0,0,1
18,29,1,1,1050000,5,1,0,0,1
19,34,1,1,1500000,2,0,1,1,1
20,28,1,1,1150000,6,0,1,0,0
21,29,1,1,350000,3,0,0,0,1
22,31,1,1,1100000,4,0,0,0,0
23,28,0,1,600000,9,0,0,0,1
24,31,0,1,1500000,7,0,1,1,0
25,35,1,0,800000,4,0,0,1,0
26,34,1,0,1300000,6,0,1,0,1
27,28,1,1,1250000,2,0,1,0,0
28,26,1,1,600000,4,0,1,0,0
29,31,1,1,900000,3,0,0,0,0
30,30,1,0,550000,6,0,1,1,0
31,31,0,0,300000,4,0,0,0,0
32,25,0,1,750000,4,0,0,0,1
33,32,0,1,850000,3,0,0,0,0
34,28,1,1,800000,9,0,0,0,1
35,33,1,1,1400000,4,0,1,1,0
36,31,0,0,300000,9,1,0,0,0
37,34,1,1,700000,4,0,0,0,0
38,34,0,1,1100000,2,0,0,0,0
39,33,1,1,1500000,5,1,1,1,1
40,25,1,1,1400000,3,1,1,1,1
41,33,1,1,550000,5,0,0,0,0
42,26,1,1,1500000,2,1,1,1,1
43,28,1,1,1200000,4,0,1,0,1
44,25,1,1,1400000,7,0,0,1,1
45,34,1,0,1400000,5,1,0,1,1
46,25,1,1,1400000,4,0,0,1,1
47,35,0,1,1100000,5,0,0,0,0
48,28,1,1,600000,3,0,0,0,0
49,31,1,1,1350000,3,0,0,1,1
50,31,1,1,1250000,3,1,0,0,0
51,29,1,1,1050000,3,0,0,0,0
52,31,1,1,1250000,4,0,0,1,0
53,28,0,1,300000,2,0,0,0,0
54,29,1,1,1200000,7,0,0,0,0
55,26,1,1,750000,5,0,0,0,0
56,28,1,1,550000,3,0,0,0,1
57,34,1,1,1000000,6,0,0,0,1
58,33,1,1,1400000,6,0,1,1,1
59,33,1,1,1400000,9,0,1,1,1
60,31,1,1,1250000,4,0,1,1,0
61,32,0,1,800000,3,0,1,0,1
62,28,1,1,800000,4,0,1,0,0
63,27,0,1,500000,2,0,0,0,0
64,30,1,0,1450000,9,0,1,1,1
65,26,1,1,600000,5,1,0,0,0
66,30,1,0,800000,6,0,1,0,0
67,34,1,1,1500000,3,0,1,1,1
68,29,1,1,350000,4,0,0,0,0
69,31,0,0,300000,4,0,0,0,0
70,34,0,1,1300000,4,0,0,0,0
71,28,1,1,750000,6,0,1,0,0
72,28,1,1,800000,6,1,1,0,0
73,28,1,1,750000,7,0,1,0,0
74,28,1,1,700000,4,1,0,0,0
75,34,1,1,1300000,5,0,0,0,0
76,29,1,1,1200000,3,0,0,0,1
77,31,0,0,400000,4,0,0,0,0
78,31,0,1,1300000,3,0,0,1,1
79,31,0,0,400000,5,1,0,0,0
80,26,1,1,1300000,4,1,0,0,0
81,25,1,0,1150000,8,0,0,0,0
82,28,1,1,1250000,4,1,0,0,0
83,34,1,0,950000,4,0,1,0,1
84,32,0,1,350000,6,1,0,0,0
85,25,1,0,1700000,4,0,1,0,1
86,32,0,1,900000,4,0,0,0,0
87,28,0,1,300000,6,0,0,0,0
88,34,1,1,1050000,5,1,0,0,0
89,28,0,1,300000,8,0,0,0,0
90,27,0,1,1050000,3,0,0,0,0
91,28,0,1,300000,4,1,0,0,0
92,28,1,1,1150000,5,0,0,0,0
93,33,0,1,700000,7,0,1,0,1
94,34,1,1,1300000,4,0,0,0,0
95,26,1,1,1400000,5,0,0,1,1
96,28,1,1,700000,4,0,0,0,0
97,29,1,1,350000,7,0,0,0,0
98,29,1,1,1100000,6,0,0,0,0
99,29,0,1,600000,3,0,0,0,0
100,28,1,1,1300000,6,1,0,0,1
101,33,1,1,1500000,3,1,1,1,1
102,29,1,1,500000,3,1,0,0,0
103,26,1,1,1400000,5,0,0,1,1
104,28,1,1,1150000,3,0,0,0,0
105,28,1,1,750000,3,0,0,0,0
106,34,1,1,1300000,3,0,0,0,0
107,34,1,1,850000,3,1,0,1,0
108,26,1,1,1300000,4,0,0,0,1
109,25,1,1,1700000,3,0,1,0,1
110,31,0,1,400000,5,0,0,0,0
111,28,1,1,800000,5,0,0,0,0
112,30,1,0,800000,4,0,0,0,0
113,29,1,1,900000,4,0,1,0,0
114,29,1,1,500000,5,0,0,0,0
115,29,1,1,900000,4,0,0,0,0
116,28,1,1,1150000,5,0,0,0,1
117,31,0,1,400000,5,0,0,0,0
118,31,0,1,1500000,4,1,1,1,1
119,31,1,1,500000,4,0,0,0,0
120,28,1,1,800000,3,1,0,0,0
121,26,1,1,1400000,6,0,0,1,1
122,32,0,1,800000,6,1,0,0,0
123,27,0,1,850000,3,0,0,0,0
124,32,0,1,350000,4,1,0,0,0
125,29,1,1,500000,3,1,0,0,1
126,32,0,1,800000,5,0,1,0,0
127,27,0,1,750000,5,0,0,0,0
128,31,1,1,1350000,8,0,0,1,1
129,29,1,1,1050000,6,0,0,0,0
130,28,1,1,800000,4,0,0,0,0
131,28,1,1,750000,4,0,0,0,0
132,28,1,1,1100000,4,0,0,0,0
133,25,1,1,1750000,4,0,0,1,1
134,28,1,1,600000,5,0,1,0,0
135,28,1,1,800000,6,0,0,1,1
136,29,1,1,500000,6,0,0,0,1
137,29,1,1,600000,4,1,1,0,0
138,28,1,1,1150000,4,0,0,0,0
139,35,1,0,800000,7,1,0,0,1
140,28,1,1,550000,4,1,0,0,0
141,25,1,1,1400000,3,0,0,1,0
142,32,0,1,350000,9,1,0,0,0
143,26,1,1,1300000,4,0,0,0,0
144,31,1,1,1250000,4,0,0,0,0
145,28,1,1,1150000,6,0,0,0,0
146,30,1,0,750000,3,1,0,0,1
147,31,0,0,400000,4,1,0,0,0
148,25,1,1,1400000,4,0,0,1,1
149,28,1,1,800000,5,1,0,0,0
150,28,1,1,650000,2,1,0,0,1
151,29,1,1,1200000,7,0,0,0,1
152,28,1,1,1200000,5,0,1,0,0
153,25,1,0,600000,5,0,1,0,0
154,28,1,1,700000,4,0,1,0,0
155,34,1,1,1300000,6,0,0,0,1
156,28,1,1,900000,4,0,1,0,0
157,28,1,1,600000,3,1,0,0,0
158,31,1,1,1250000,6,0,1,0,1
159,27,0,1,900000,7,1,0,0,0
160,31,0,1,1200000,5,1,0,0,1
161,34,1,0,1400000,3,1,0,1,1
162,34,1,1,500000,7,0,0,0,1
163,32,0,1,350000,5,0,0,0,0
164,28,0,1,300000,6,0,0,0,0
165,33,0,1,1000000,4,0,0,0,0
166,28,1,1,800000,7,0,0,0,0
167,31,0,1,400000,3,0,0,0,0
168,27,0,1,850000,7,1,0,0,0
169,25,1,0,600000,6,0,0,0,0
170,31,1,1,1350000,6,1,0,1,1
171,28,1,1,900000,7,0,0,0,0
172,27,1,0,600000,8,0,0,0,0
173,26,1,1,450000,5,1,0,0,1
174,34,1,1,700000,6,0,1,0,1
175,30,1,0,800000,3,0,0,0,0
176,34,1,1,1050000,6,0,0,0,1
177,28,1,1,1250000,5,0,0,0,0
178,32,0,1,350000,6,0,0,0,0
179,26,1,1,1250000,4,0,0,0,0
180,28,1,1,750000,6,0,1,0,0
181,26,1,1,1300000,3,0,0,0,0
182,35,1,0,800000,3,0,1,0,1
183,25,1,0,1700000,3,1,1,0,0
184,25,0,1,750000,3,0,0,0,0
185,28,0,1,300000,4,0,0,0,1
186,28,1,1,500000,9,0,0,0,1
187,28,1,1,650000,9,0,0,0,0
188,26,0,1,500000,4,0,0,0,0
189,26,1,1,1400000,7,1,0,1,1
190,27,0,1,900000,5,0,0,0,0
191,30,1,0,650000,3,0,0,1,0
192,28,1,1,800000,4,1,0,1,0
193,34,1,0,1300000,5,1,0,0,0
194,33,0,1,1100000,5,0,0,0,0
195,25,1,1,1400000,5,0,1,1,1
196,34,1,1,1000000,7,0,0,0,1
197,29,1,1,1150000,5,1,1,0,0
198,25,1,0,1350000,4,0,0,1,1
199,30,1,0,1450000,5,0,1,1,1
200,27,0,1,1050000,4,0,0,0,1
201,31,1,1,1400000,2,0,0,1,1
202,28,1,1,600000,7,0,0,0,1
203,28,1,1,1100000,4,1,0,0,0
204,32,0,1,900000,4,0,1,0,0
205,29,1,1,1150000,4,1,0,1,0
206,25,1,0,1150000,5,1,0,0,1
207,31,0,0,350000,3,0,0,0,0
208,29,1,1,1350000,4,0,0,1,1
209,25,1,0,1700000,3,1,1,0,0
210,28,1,1,1200000,5,1,1,0,0
211,27,1,0,450000,5,0,0,0,0
212,28,1,1,750000,5,1,0,0,0
213,26,1,1,1400000,5,0,1,1,1
214,27,0,1,850000,5,1,0,1,0
215,33,0,1,1100000,5,0,0,0,0
216,34,1,1,1050000,8,0,0,0,1
217,28,1,1,800000,6,0,0,0,0
218,26,1,1,1500000,7,0,1,1,0
219,31,1,1,1250000,9,1,0,0,0
220,35,1,0,800000,2,0,0,0,0
221,28,1,1,1200000,6,1,0,0,0
222,28,1,1,1200000,3,0,0,0,0
223,30,1,0,650000,3,0,0,0,0
224,31,1,1,1100000,5,0,1,0,0
225,31,1,1,1250000,2,0,0,0,0
226,34,0,1,1300000,9,1,0,0,1
227,34,1,1,1300000,6,1,0,0,0
228,34,1,1,1000000,5,0,0,0,0
229,34,1,1,1000000,2,0,0,0,0
230,29,1,1,900000,7,0,1,0,0
231,31,0,1,1200000,5,1,0,0,0
232,28,1,1,1250000,6,0,0,0,0
233,31,0,1,1200000,6,1,0,0,0
234,34,1,1,1300000,4,0,0,0,0
235,30,1,0,550000,4,0,0,0,0
236,26,1,1,1500000,5,0,1,1,1
237,30,1,0,500000,8,0,0,0,0
238,29,1,1,600000,3,1,0,0,0
239,26,1,1,1250000,5,0,0,0,0
240,27,1,0,350000,7,0,0,0,0
241,35,1,0,800000,6,0,0,0,1
242,33,0,1,400000,4,0,0,0,0
243,26,1,1,750000,6,0,0,0,0
244,27,0,1,500000,4,0,0,0,0
245,28,1,1,1150000,3,0,0,0,0
246,31,0,0,350000,6,1,0,0,0
247,27,0,1,1050000,3,0,1,0,1
248,34,0,1,1300000,6,0,0,0,1
249,28,1,1,1150000,5,0,0,0,0
250,34,1,1,1000000,6,1,0,0,1
251,28,0,1,300000,5,0,0,0,0
252,29,1,1,1350000,5,1,0,1,1
253,28,1,1,1400000,2,0,0,1,1
254,28,0,1,1200000,5,0,0,0,0
255,34,1,1,1500000,5,0,1,1,1
256,34,0,1,1300000,7,1,0,1,1
257,33,1,1,550000,5,0,0,0,1
258,29,1,1,900000,7,0,1,0,0
259,33,0,1,400000,3,1,0,0,1
260,26,1,1,1400000,3,1,0,1,1
261,28,1,1,1100000,4,1,0,0,1
262,26,1,1,750000,4,1,0,0,0
263,35,1,0,800000,4,0,0,0,0
264,29,1,1,350000,9,1,0,0,0
265,27,0,1,850000,6,0,1,0,0
266,31,0,1,400000,5,0,0,0,0
267,33,0,1,1100000,4,0,0,0,1
268,34,1,1,500000,6,0,0,0,1
269,27,1,0,800000,5,0,0,0,0
270,34,0,1,1300000,6,0,0,1,1
271,35,0,1,900000,3,1,0,0,0
272,28,1,1,700000,3,1,0,0,0
273,34,1,1,1000000,6,0,1,0,1
274,32,0,1,850000,7,0,0,0,1
275,26,1,1,1400000,4,1,0,1,1
276,29,1,1,1050000,6,0,0,0,0
277,31,1,1,950000,7,0,1,0,0
278,32,0,1,800000,5,1,0,0,1
279,32,0,1,350000,6,0,0,0,0
280,32,0,1,800000,6,0,1,0,0
281,26,1,1,750000,6,0,0,0,0
282,26,1,1,1400000,4,0,0,1,1
283,26,1,1,600000,4,0,1,0,0
284,28,1,1,750000,3,0,0,0,1
285,33,1,1,750000,4,0,0,0,0
286,28,1,1,600000,3,0,0,0,0
287,29,1,1,1200000,4,0,0,0,0
288,29,1,1,1100000,4,0,0,0,0
289,26,1,1,500000,3,0,0,0,0
290,32,0,1,900000,6,1,0,0,0
291,34,1,1,1300000,3,0,1,0,0
292,27,0,1,850000,4,0,0,0,0
293,31,1,1,1250000,3,0,0,0,1
294,29,1,1,1200000,4,0,0,0,0
295,28,1,1,550000,5,0,0,0,0
296,32,0,1,350000,7,0,0,0,0
297,35,1,0,800000,7,1,0,0,1
298,25,1,0,1700000,4,0,1,0,1
299,27,1,0,450000,3,0,0,0,0
300,32,0,1,900000,5,1,0,0,1
301,27,0,1,850000,4,1,0,0,0
302,34,1,1,700000,6,0,0,0,1
303,31,0,0,300000,3,0,0,0,0
304,34,1,1,1050000,3,0,0,0,0
305,26,1,1,1250000,4,1,0,1,0
306,33,0,1,650000,5,1,0,0,1
307,28,1,1,1150000,8,1,0,0,0
308,34,1,1,1000000,9,1,0,0,0
309,33,0,1,650000,4,0,0,0,1
310,30,1,0,550000,8,0,0,0,0
311,34,1,1,1500000,7,0,1,1,1
312,32,0,1,850000,7,0,0,0,0
313,25,1,0,1150000,4,0,0,0,1
314,26,1,1,1400000,5,0,0,1,1
315,28,0,1,300000,4,0,0,0,0
316,31,1,1,950000,5,1,0,0,0
317,32,0,1,800000,6,0,0,0,1
318,34,0,1,1100000,3,0,0,0,1
319,25,1,1,1700000,2,1,1,0,1
320,35,1,0,800000,5,0,0,0,0
321,28,1,1,500000,3,0,0,0,0
322,28,1,1,750000,3,0,0,0,0
323,33,1,1,1400000,5,0,0,1,1
324,28,0,1,300000,5,0,0,0,0
325,31,1,1,1250000,4,0,0,0,0
326,28,1,1,1150000,5,0,0,0,0
327,34,0,1,1300000,3,0,0,0,0
328,34,1,1,700000,6,0,1,1,1
329,28,1,1,1100000,8,0,0,0,0
330,35,1,0,800000,4,0,0,0,0
331,33,1,1,550000,4,0,0,0,1
332,31,1,1,1650000,7,1,1,0,1
333,31,1,1,1400000,6,1,0,1,0
334,29,1,1,1050000,3,0,0,0,1
335,28,1,1,800000,2,0,0,0,1
336,32,0,1,350000,9,1,0,0,0
337,30,1,0,550000,7,0,1,0,0
338,28,1,1,600000,3,0,0,0,0
339,29,1,1,1050000,5,0,0,0,0
340,27,1,0,800000,7,1,0,0,0
341,28,1,1,550000,7,0,0,0,0
342,28,1,1,1100000,2,0,0,0,1
343,28,1,1,1250000,7,0,0,0,0
344,32,0,1,800000,4,0,1,1,0
345,29,1,1,1200000,5,0,0,1,0
346,25,1,1,1800000,7,1,1,0,1
347,34,1,1,1300000,6,0,1,0,0
348,31,1,1,1400000,6,1,0,1,0
349,28,1,1,500000,3,0,0,0,0
350,31,1,1,950000,5,0,1,1,0
351,29,1,1,1200000,9,1,1,0,0
352,31,1,1,1350000,6,0,0,1,1
353,31,0,0,300000,3,0,0,0,0
354,25,1,0,1150000,5,0,0,0,1
355,28,1,1,1400000,3,0,0,1,1
356,34,1,1,1000000,4,0,0,0,0
357,34,1,1,500000,5,0,0,0,0
358,34,1,1,1000000,5,0,1,0,0
359,25,1,0,1150000,3,0,0,0,0
360,28,1,0,550000,4,0,0,0,0
361,29,1,1,1350000,4,0,0,1,1
362,28,1,1,700000,2,1,0,0,0
363,34,0,1,1300000,4,0,0,0,0
364,31,0,1,1200000,6,0,0,0,0
365,25,1,0,1700000,3,0,1,0,1
366,28,0,1,300000,3,0,0,0,0
367,31,0,1,1300000,4,0,0,0,0
368,35,1,0,800000,3,0,0,0,1
369,32,0,1,800000,7,1,0,0,0
370,31,0,1,1300000,6,0,0,0,1
371,27,0,1,900000,5,1,0,1,0
372,29,1,1,350000,5,1,0,0,0
373,28,1,1,900000,5,0,1,0,0
374,28,0,1,600000,7,0,0,0,0
375,28,1,1,1100000,6,1,0,0,0
376,31,0,1,1300000,4,0,0,0,0
377,27,1,0,1550000,4,0,1,0,1
378,25,1,1,1700000,5,0,1,0,1
379,27,1,0,1550000,6,0,1,0,1
380,28,1,1,1200000,5,1,0,0,0
381,29,1,1,1200000,5,0,0,0,0
382,31,1,1,1400000,6,0,0,1,1
383,29,1,1,1100000,4,0,0,0,0
384,33,0,1,600000,3,0,0,1,0
385,34,1,1,1000000,5,0,0,0,0
386,28,1,1,1350000,5,0,0,1,1
387,28,0,1,300000,5,0,0,0,0
388,28,1,1,550000,5,0,0,0,0
389,31,1,1,1350000,5,0,0,1,1
390,33,1,1,550000,5,0,0,0,1
391,28,0,1,1200000,5,0,0,0,1
392,31,1,1,950000,4,1,0,0,1
393,29,1,1,1050000,3,0,1,0,0
394,28,1,1,1200000,4,0,0,0,1
395,32,0,1,800000,5,0,0,0,0
396,33,0,1,650000,6,1,0,0,1
397,25,0,1,750000,5,0,0,0,0
398,28,1,1,1250000,5,0,1,0,0
399,35,1,0,800000,5,0,0,0,0
400,29,1,1,1200000,4,0,1,0,0
401,34,1,1,700000,4,0,0,0,0
402,31,1,1,1250000,3,0,0,0,0
403,28,1,1,800000,8,1,0,0,0
404,33,0,1,650000,5,1,0,0,1
405,32,0,1,850000,6,0,0,0,0
406,28,1,1,1200000,9,0,0,0,1
407,25,1,0,1700000,6,0,1,0,1
408,31,0,0,350000,2,0,0,0,0
409,28,1,1,700000,5,0,0,0,0
410,28,1,0,550000,4,0,0,0,0
411,28,0,1,600000,6,0,0,0,0
412,28,0,1,300000,7,1,0,0,0
413,25,1,1,1700000,5,0,1,0,1
414,33,1,1,1400000,4,0,0,1,1
415,28,0,1,600000,5,0,0,0,0
416,31,1,1,1400000,7,0,0,1,1
417,31,1,1,1400000,3,0,1,1,1
418,34,1,1,1000000,3,1,0,0,0
419,25,1,0,1150000,4,0,0,0,0
420,34,1,1,1050000,5,0,0,0,0
421,28,0,1,300000,4,0,0,0,0
422,34,1,1,1500000,7,1,1,1,1
423,25,1,1,1400000,5,0,0,1,1
424,29,1,1,1100000,7,1,1,0,1
425,29,1,1,350000,5,1,0,0,0
426,25,1,1,500000,5,0,0,0,0
427,25,1,1,1400000,7,0,1,1,1
428,28,1,1,700000,5,1,0,0,0
429,32,0,1,350000,2,0,0,0,0
430,26,1,1,1300000,7,0,0,0,1
431,28,1,1,500000,6,0,0,0,0
432,34,1,1,500000,5,0,0,0,0
433,28,1,1,1100000,4,0,0,0,0
434,34,1,1,1300000,7,0,0,0,1
435,34,1,1,1500000,4,1,1,1,1
436,28,1,1,1200000,4,1,0,1,0
437,27,1,0,800000,7,0,0,0,0
438,33,0,1,400000,5,1,0,0,0
439,28,1,1,800000,3,0,0,0,0
440,34,1,1,1000000,4,0,0,0,1
441,34,1,1,850000,5,0,0,0,1
442,29,1,1,1100000,9,0,0,0,0
443,25,1,0,1150000,6,0,0,0,1
444,28,1,1,700000,4,1,0,0,1
445,27,0,1,1050000,6,1,0,0,0
446,28,1,1,700000,2,0,0,0,0
447,29,1,1,500000,3,0,0,0,0
448,33,1,1,1500000,4,1,1,1,1
449,31,1,1,500000,3,1,0,0,1
450,31,1,1,1250000,6,0,0,1,0
451,28,1,1,800000,4,0,0,0,0
452,34,1,1,1300000,4,1,0,0,1
453,31,1,1,1100000,3,0,0,0,0
454,28,0,1,300000,4,0,0,0,0
455,35,0,1,1100000,4,0,0,0,0
456,26,1,1,1500000,5,1,1,1,1
457,25,1,0,1150000,4,0,0,0,0
458,26,1,1,750000,3,1,0,0,0
459,34,1,1,1500000,5,0,1,1,1
460,25,1,0,1350000,6,0,0,1,1
461,35,0,1,900000,4,1,0,0,1
462,26,1,1,1250000,6,1,0,0,0
463,33,1,1,750000,2,1,0,0,0
464,34,1,1,1500000,5,0,1,1,1
465,26,1,1,1500000,5,0,1,1,1
466,28,1,1,550000,4,0,0,0,0
467,26,0,1,500000,5,0,0,0,0
468,28,1,1,1200000,5,0,0,0,0
469,25,1,0,1700000,5,0,1,0,1
470,28,1,1,1300000,2,1,0,0,0
471,26,1,1,1250000,3,0,0,0,0
472,28,0,1,300000,5,0,0,0,0
473,25,1,1,1400000,8,0,0,1,1
474,31,1,1,1100000,3,1,1,0,0
475,34,1,1,1000000,4,0,0,0,1
476,33,1,1,1400000,4,1,0,1,1
477,34,1,1,1500000,6,1,1,1,1
478,29,1,1,900000,4,0,0,0,0
479,34,0,1,1300000,4,1,0,0,0
480,34,1,1,1050000,7,0,1,0,1
481,29,1,1,1100000,4,0,0,0,0
482,32,0,1,850000,9,0,0,0,0
483,28,1,1,1150000,4,0,0,0,0
484,33,0,1,800000,6,0,0,0,1
485,27,1,0,450000,4,0,0,0,0
486,33,1,1,550000,4,0,1,0,0
487,34,1,1,850000,4,0,0,0,1
488,28,0,1,300000,3,0,0,0,0
489,30,1,0,800000,9,0,0,0,0
490,29,1,1,1200000,5,1,0,0,0
491,28,1,1,1100000,4,1,0,0,1
492,34,1,1,500000,3,0,0,0,0
493,29,1,1,1050000,7,0,0,0,0
494,34,0,1,1300000,5,1,0,1,0
495,31,0,1,1200000,4,0,0,0,0
496,26,1,1,600000,7,0,0,0,0
497,28,1,1,1200000,5,0,1,0,1
498,29,1,1,600000,5,0,0,0,0
499,32,0,1,350000,6,0,0,0,0
500,26,1,1,1500000,4,0,1,1,1
501,31,1,1,1250000,3,0,0,0,0
502,28,0,1,300000,4,1,0,0,1
503,31,0,1,1300000,5,0,0,0,0
504,29,1,1,500000,4,0,0,0,0
505,28,1,1,800000,4,0,0,0,0
506,28,1,1,600000,6,0,0,0,0
507,32,0,1,800000,2,1,0,0,0
508,28,1,1,900000,6,0,0,0,1
509,28,1,1,1450000,6,0,1,1,1
510,31,1,1,950000,5,0,0,0,0
511,31,1,1,1250000,3,0,0,1,0
512,29,1,1,1100000,5,0,1,0,0
513,27,0,1,850000,5,1,0,0,0
514,28,1,1,500000,4,0,0,0,1
515,27,0,1,850000,7,0,1,0,0
516,31,1,1,1250000,3,1,0,0,0
517,31,1,1,1250000,5,0,0,0,1
518,29,1,1,1350000,4,0,1,1,1
519,25,1,0,1700000,3,0,1,0,1
520,35,0,1,1100000,4,1,0,0,0
521,28,1,1,1100000,6,0,0,0,0
522,35,1,0,800000,6,1,0,0,1
523,33,0,1,400000,5,1,0,0,0
524,32,0,1,800000,4,0,0,0,0
525,26,1,1,500000,9,0,0,0,0
526,31,1,1,1100000,4,1,0,0,0
527,28,1,1,700000,4,1,0,0,0
528,25,1,0,1150000,5,0,0,0,0
529,28,1,1,1250000,4,0,1,0,0
530,29,1,1,900000,3,0,0,0,0
531,28,1,1,1150000,6,1,0,0,0
532,31,0,1,1300000,5,1,1,0,1
533,29,1,1,600000,3,0,0,0,0
534,27,1,0,450000,4,0,0,0,1
535,31,1,1,1350000,5,0,0,1,1
536,30,1,0,500000,3,0,0,0,0
537,29,1,1,600000,8,1,0,0,1
538,28,1,1,1150000,2,1,1,0,0
539,33,0,0,400000,4,0,0,0,0
540,26,1,1,1500000,3,0,1,1,1
541,29,1,1,1200000,5,0,0,0,0
542,27,1,0,600000,4,0,1,0,0
543,34,1,1,850000,3,1,0,0,0
544,31,0,0,400000,3,0,0,0,0
545,26,1,1,600000,6,1,0,0,0
546,28,1,1,550000,3,0,0,0,0
547,26,1,1,1400000,4,1,0,1,1
548,27,0,1,850000,5,0,0,0,0
549,28,0,0,300000,5,1,0,0,0
550,34,1,1,1050000,5,0,0,0,0
551,25,1,1,1400000,9,1,0,1,1
552,27,0,1,1050000,4,0,0,0,0
553,33,1,1,1400000,5,0,1,1,0
554,32,0,1,800000,6,0,0,0,0
555,26,1,1,1750000,4,0,0,0,0
556,33,1,1,550000,4,1,0,0,0
557,27,0,1,1050000,3,0,0,0,0
558,34,1,1,850000,3,1,0,0,0
559,29,1,1,1200000,3,0,0,0,1
560,26,1,1,1400000,7,0,0,1,1
561,29,1,1,1050000,9,0,0,0,0
562,33,0,1,1000000,4,0,0,1,0
563,33,1,1,550000,3,1,0,0,1
564,29,1,1,900000,6,1,0,0,0
565,28,1,1,800000,5,0,0,0,0
566,27,0,1,850000,3,0,0,1,0
567,35,1,0,800000,7,1,0,1,1
568,35,1,0,800000,5,0,0,0,0
569,27,0,1,500000,4,1,0,0,0
570,25,1,0,1150000,5,1,0,0,0
571,32,0,1,850000,5,1,0,0,0
572,28,1,0,550000,5,0,0,0,0
573,27,1,0,350000,3,0,0,0,0
574,29,1,1,1150000,5,0,1,0,0
575,29,1,1,900000,6,0,1,0,1
576,31,1,1,1400000,3,0,0,1,1
577,27,0,1,500000,3,0,0,0,1
578,34,1,1,1000000,4,0,0,0,0
579,33,0,1,400000,3,0,0,0,0
580,31,1,1,1250000,4,0,0,0,0
581,28,1,1,700000,4,1,0,0,0
582,29,1,1,1100000,3,0,0,0,0
583,29,1,1,500000,3,0,0,0,1
584,29,1,1,900000,5,0,0,0,0
585,34,1,0,1400000,7,1,0,1,1
586,28,0,1,300000,7,0,0,0,0
587,29,1,1,900000,9,1,0,0,1
588,35,1,0,800000,6,0,0,0,1
589,26,1,1,1400000,3,0,0,1,1
590,28,1,1,500000,5,0,0,0,0
591,25,1,0,1150000,3,1,0,0,0
592,25,1,1,1700000,4,0,1,0,1
593,28,0,1,600000,4,0,0,0,0
594,33,1,1,550000,5,0,1,0,0
595,25,1,0,1150000,5,1,1,0,0
596,31,1,1,1350000,5,0,0,1,1
597,34,1,1,1000000,4,0,0,0,0
598,35,1,0,800000,6,0,1,0,1
599,34,1,1,700000,4,1,0,0,0
600,34,1,1,1500000,4,1,1,1,1
601,34,1,1,1300000,5,0,0,0,0
602,34,1,1,1500000,4,0,1,1,1
603,33,1,1,1400000,6,1,0,1,1
604,32,0,1,350000,7,0,0,0,0
605,28,1,1,1250000,5,0,0,1,1
606,28,1,1,800000,3,0,0,0,0
607,28,1,1,550000,8,1,0,0,0
608,28,1,1,800000,4,1,1,0,1
609,28,1,1,700000,7,1,1,1,1
610,31,1,1,900000,8,0,0,1,0
611,28,1,1,500000,6,1,0,0,0
612,28,1,1,550000,9,0,0,0,0
613,31,1,1,1250000,6,0,0,0,0
614,34,1,1,1000000,5,1,0,0,0
615,28,0,1,300000,3,1,0,0,0
616,27,0,1,750000,7,1,0,1,0
617,30,1,0,550000,5,0,1,0,1
618,31,1,1,1650000,2,0,1,0,1
619,35,0,1,1100000,6,0,0,0,1
620,29,1,1,1050000,4,0,1,0,0
621,28,1,1,650000,4,0,0,0,0
622,32,0,1,800000,5,0,1,0,0
623,28,1,1,1100000,3,0,0,0,0
624,34,1,1,1000000,9,0,0,0,0
625,31,1,1,1750000,4,0,0,0,0
626,28,1,1,1100000,6,0,1,0,0
627,27,0,1,500000,6,0,0,0,0
628,28,1,1,1150000,9,0,0,0,0
629,25,1,0,600000,4,0,1,0,0
630,28,1,1,1100000,9,0,0,0,0
631,33,1,1,1400000,6,1,0,1,1
632,34,1,1,700000,3,0,0,0,0
633,28,1,1,700000,7,1,0,0,0
634,34,1,0,1300000,4,0,0,0,0
635,28,1,0,550000,4,0,0,0,0
636,25,1,1,1400000,4,0,0,1,1
637,34,1,1,1300000,5,1,0,0,0
638,26,0,1,1450000,3,0,1,1,1
639,31,1,1,1250000,5,1,1,0,0
640,27,1,0,800000,5,0,0,0,0
641,34,1,1,700000,5,1,0,1,0
642,26,0,1,500000,6,1,0,0,0
643,28,1,1,1100000,5,1,0,0,0
644,32,0,1,800000,4,0,0,0,0
645,28,1,1,1100000,4,0,0,0,0
646,28,1,1,1100000,6,0,0,0,0
647,34,1,0,1300000,5,0,1,0,1
648,28,1,1,800000,4,0,0,0,0
649,28,0,1,300000,5,0,0,0,0
650,26,1,1,1400000,4,0,1,1,1
651,33,1,1,1400000,8,1,0,1,1
652,33,0,1,800000,6,0,0,0,1
653,27,0,1,500000,7,0,0,0,0
654,32,0,1,1750000,6,0,0,0,0
655,28,1,1,700000,4,0,0,0,0
656,31,1,1,500000,6,1,0,0,0
657,28,1,1,1200000,5,0,0,0,1
658,30,1,0,1450000,6,0,1,1,1
659,34,1,1,500000,3,0,0,0,0
660,28,0,1,300000,4,0,0,0,0
661,28,0,0,300000,5,0,0,0,0
662,26,1,1,500000,6,0,0,0,0
663,32,0,1,800000,6,1,0,0,1
664,34,1,1,1500000,4,0,1,1,1
665,28,1,1,1250000,6,0,1,0,0
666,28,1,1,800000,5,0,0,0,0
667,26,1,1,1300000,4,1,0,1,0
668,33,0,1,1000000,5,0,1,0,0
669,26,1,1,600000,3,0,1,0,0
670,28,1,1,800000,4,1,0,0,0
671,29,1,1,1100000,3,1,0,0,0
672,27,0,1,1050000,2,1,0,0,0
673,30,1,0,750000,3,1,0,0,1
674,27,0,1,850000,2,0,0,0,0
675,27,1,0,350000,3,0,0,0,0
676,29,1,1,1200000,7,1,0,0,0
677,27,1,0,450000,7,0,0,0,0
678,25,1,1,1700000,4,0,1,0,1
679,26,0,1,500000,5,0,0,0,0
680,29,1,1,1100000,4,1,0,1,1
681,28,1,1,1200000,4,0,0,0,0
682,26,1,1,1500000,5,1,1,1,1
683,28,1,1,750000,4,0,0,0,0
684,25,1,0,1150000,4,0,0,0,0
685,34,1,1,1500000,4,1,1,1,1
686,33,1,1,1500000,3,0,1,1,1
687,28,1,1,1150000,3,0,0,0,0
688,33,0,1,400000,5,1,0,0,0
689,27,0,1,500000,7,0,0,0,0
690,33,1,1,1400000,8,0,0,1,0
691,31,1,1,950000,3,0,1,0,0
692,31,0,0,300000,6,0,0,0,0
693,27,1,0,800000,5,1,0,0,0
694,34,0,1,1100000,6,1,0,0,1
695,28,1,1,1150000,7,0,0,0,0
696,32,0,1,350000,2,0,0,0,0
697,25,1,1,1400000,3,1,0,1,1
698,33,1,1,1200000,7,0,0,0,1
699,32,0,1,800000,3,1,1,0,0
700,28,1,1,1450000,4,0,1,1,1
701,29,1,1,1350000,7,1,0,1,1
702,28,1,1,500000,8,0,0,0,0
703,27,0,1,500000,6,0,0,0,0
704,33,0,1,700000,8,0,0,0,1
705,27,0,1,850000,5,1,0,0,0
706,34,1,1,700000,4,0,0,0,0
707,28,1,1,550000,4,1,0,0,0
708,34,1,1,1000000,3,0,0,0,0
709,33,1,1,1500000,3,0,1,1,1
710,26,0,1,1450000,3,1,1,1,1
711,34,1,1,1000000,8,0,0,0,1
712,28,1,1,1450000,9,0,1,1,1
713,28,1,1,1100000,2,1,0,0,1
714,28,0,1,300000,4,0,0,0,0
715,28,1,1,1200000,5,0,0,0,0
716,29,1,1,1100000,7,0,0,0,1
717,28,1,1,800000,4,0,0,0,0
718,27,0,1,900000,4,0,0,0,0
719,34,1,0,1300000,4,0,0,0,0
720,27,0,1,850000,2,0,0,1,0
721,34,1,1,1050000,4,0,0,0,0
722,33,0,1,400000,8,0,0,0,1
723,29,1,1,1050000,2,1,1,0,0
724,25,0,1,750000,3,0,0,0,0
725,30,1,0,800000,4,0,0,0,1
726,25,1,1,1700000,5,0,1,0,1
727,34,0,1,1100000,7,1,0,0,1
728,28,1,1,1250000,6,0,0,1,0
729,27,1,0,600000,3,0,0,1,0
730,31,1,1,500000,6,0,0,0,1
731,28,1,1,800000,5,0,0,0,0
732,30,1,0,800000,4,0,0,0,0
733,27,0,1,900000,4,0,1,0,0
734,34,1,1,1050000,7,0,0,0,1
735,28,0,1,300000,4,0,0,0,0
736,30,1,0,650000,7,0,0,0,0
737,28,1,1,700000,4,1,0,0,1
738,28,1,1,800000,7,0,1,0,0
739,33,1,1,550000,4,0,0,0,1
740,34,1,1,1000000,6,1,0,0,1
741,34,1,1,1300000,6,0,0,0,1
742,34,1,1,1050000,7,1,0,0,1
743,29,1,1,500000,6,0,0,0,0
744,29,1,1,1050000,5,1,0,1,0
745,28,0,1,600000,3,0,1,0,0
746,27,0,1,500000,3,1,0,0,0
747,34,1,1,1300000,6,0,0,0,1
748,28,1,1,650000,5,0,0,1,0
749,34,0,1,1300000,8,0,0,0,1
750,35,1,0,800000,4,0,0,0,0
751,28,1,1,1350000,9,0,0,1,1
752,28,1,0,550000,6,0,0,0,1
753,33,0,1,1100000,4,1,0,0,0
754,32,0,1,850000,3,0,0,0,0
755,29,1,1,1200000,4,0,0,0,0
756,28,0,0,300000,6,0,0,0,0
757,27,0,1,500000,6,1,0,0,0
758,33,1,1,1400000,6,1,0,1,1
759,34,1,1,700000,7,1,0,0,1
760,27,0,1,500000,4,1,0,0,0
761,26,1,1,1500000,3,0,1,1,1
762,28,1,1,800000,5,0,0,0,0
763,28,0,1,600000,4,1,0,0,0
764,27,0,1,500000,5,0,0,0,0
765,29,1,1,350000,4,0,0,0,0
766,34,1,1,700000,3,1,0,0,0
767,28,0,0,300000,6,0,0,0,0
768,34,1,1,1500000,5,0,1,1,1
769,30,1,0,800000,3,0,0,0,0
770,28,0,1,600000,5,0,0,0,0
771,29,1,1,500000,7,0,0,0,1
772,35,1,0,950000,3,0,0,0,0
773,31,1,1,950000,6,0,0,0,0
774,28,1,1,800000,5,0,1,0,0
775,32,0,1,350000,3,0,0,0,0
776,25,1,1,1400000,6,0,1,1,1
777,27,0,1,500000,5,0,0,0,0
778,27,0,1,850000,6,0,0,0,0
779,25,1,1,1400000,4,0,0,1,1
780,31,0,1,400000,6,0,0,0,0
781,27,0,1,500000,5,0,0,0,1
782,28,1,1,1200000,4,0,0,0,0
783,29,1,1,1100000,7,0,0,0,0
784,31,0,1,1500000,5,1,1,1,1
785,29,1,1,1200000,7,0,0,1,0
786,29,1,1,500000,2,0,0,0,0
787,34,1,1,1000000,4,0,0,0,0
788,34,1,1,500000,7,0,0,0,0
789,28,1,1,750000,4,0,0,0,1
790,32,0,1,900000,4,1,0,0,1
791,35,1,0,800000,7,0,0,0,1
792,28,1,1,750000,6,0,1,0,0
793,28,1,1,1150000,6,0,0,0,1
794,26,0,1,500000,7,1,0,0,0
795,32,0,1,350000,3,0,0,0,0
796,28,0,1,300000,7,0,0,0,0
797,28,0,1,300000,4,0,0,0,0
798,34,0,1,1300000,5,1,0,0,1
799,31,0,1,1200000,3,0,0,0,0
800,31,0,1,1200000,6,0,0,0,0
801,31,1,1,500000,4,1,0,0,1
802,30,1,0,550000,5,1,0,0,1
803,29,1,1,1050000,7,1,0,0,0
804,27,1,0,350000,4,1,0,0,0
805,29,1,1,1050000,3,1,1,0,0
806,30,1,0,550000,5,0,0,0,0
807,27,0,1,1050000,3,0,1,0,1
808,34,1,1,1500000,6,0,1,1,1
809,30,1,0,1450000,5,1,1,1,1
810,29,1,1,600000,4,1,0,0,0
811,26,1,1,450000,3,0,0,0,0
812,33,0,1,1000000,4,1,0,0,0
813,30,1,0,550000,3,0,0,0,0
814,29,1,1,1050000,6,1,0,1,0
815,25,1,0,1700000,5,1,1,0,0
816,34,1,1,1050000,4,0,0,0,0
817,27,0,1,500000,4,0,0,0,1
818,28,1,1,900000,4,0,0,0,1
819,28,1,1,1150000,4,1,0,0,0
820,25,1,0,1150000,4,0,0,0,0
821,34,1,1,1000000,4,1,0,0,1
822,29,1,1,1200000,4,0,0,0,0
823,28,1,1,1200000,4,0,0,0,0
824,32,0,1,850000,4,0,0,0,0
825,29,1,1,900000,7,0,0,0,1
826,28,1,1,1150000,3,0,1,0,0
827,32,0,1,850000,7,1,0,0,1
828,34,1,1,1000000,6,1,0,0,1
829,26,1,1,600000,5,0,0,0,0
830,34,1,1,1050000,6,0,0,0,1
831,27,0,1,1050000,6,1,0,0,0
832,34,1,1,1500000,6,0,1,1,1
833,31,0,1,1500000,3,0,1,1,1
834,33,1,1,1400000,5,1,1,1,1
835,35,1,0,600000,9,0,0,0,0
836,28,1,1,1450000,4,0,1,1,1
837,29,1,1,1100000,7,0,1,0,0
838,29,1,1,1100000,5,0,1,0,0
839,26,1,1,1250000,4,0,0,0,1
840,28,1,1,1100000,3,0,0,0,1
841,34,1,1,1500000,3,0,1,1,1
842,29,1,1,1100000,3,0,0,0,0
843,29,1,1,600000,3,0,0,0,0
844,33,0,1,1100000,2,0,0,0,0
845,28,1,1,750000,3,1,0,0,0
846,28,1,1,700000,4,0,0,0,0
847,29,1,1,1050000,4,0,0,0,1
848,35,0,1,900000,6,1,0,0,0
849,34,0,1,1300000,4,0,0,0,0
850,32,0,1,850000,4,0,1,0,0
851,28,1,1,500000,5,0,0,0,1
852,27,0,1,500000,3,1,0,0,0
853,31,0,1,400000,6,1,0,0,0
854,32,0,1,850000,3,1,0,0,0
855,26,1,1,500000,6,0,0,0,0
856,34,1,1,700000,7,0,0,0,1
857,28,0,1,600000,3,0,0,0,1
858,27,0,1,1050000,5,0,1,0,0
859,28,1,1,800000,4,0,0,0,0
860,34,1,1,1000000,4,1,0,0,0
861,30,1,0,1450000,3,1,1,1,1
862,28,0,1,300000,3,1,0,0,0
863,29,1,1,1100000,3,0,0,0,0
864,26,1,1,600000,6,0,1,0,0
865,31,1,1,1350000,5,0,0,1,1
866,31,1,1,1400000,3,1,0,1,1
867,33,1,1,750000,5,0,0,0,0
868,28,0,1,1200000,5,1,0,0,0
869,33,1,1,1400000,3,0,0,1,1
870,35,1,0,800000,2,0,0,1,0
871,25,1,0,1700000,5,1,1,1,0
872,27,1,0,1000000,3,0,0,0,0
873,32,0,1,350000,3,0,0,0,1
874,28,1,1,550000,4,0,0,0,0
875,29,1,1,600000,3,1,0,0,0
876,28,1,1,800000,4,1,0,0,0
877,26,1,1,1400000,3,0,0,1,1
878,26,1,1,600000,4,0,0,0,0
879,29,1,1,1050000,4,0,0,0,1
880,28,1,1,750000,6,0,1,0,0
881,29,1,1,1200000,4,0,0,0,0
882,26,1,1,600000,4,1,0,0,0
883,28,1,1,1350000,3,0,0,1,1
884,35,0,1,1100000,8,0,1,0,1
885,32,0,1,350000,5,0,0,0,0
886,31,1,1,1350000,3,0,0,1,1
887,28,0,1,600000,4,0,0,0,0
888,28,1,1,1250000,6,1,0,0,0
889,35,1,0,800000,3,1,0,0,0
890,33,1,1,1400000,3,0,0,1,1
891,29,1,1,1050000,5,1,0,0,0
892,29,1,1,1050000,4,0,0,0,0
893,31,0,1,400000,2,0,0,0,0
894,30,1,0,800000,5,0,0,0,1
895,28,1,1,600000,5,0,0,1,1
896,33,0,1,600000,4,0,0,0,0
897,31,0,1,1300000,5,1,0,0,0
898,31,0,1,1300000,5,0,0,0,0
899,25,1,1,1700000,3,0,1,0,1
900,29,1,1,1050000,3,1,1,0,1
901,33,0,1,700000,2,0,0,0,0
902,34,1,1,500000,7,1,0,0,1
903,28,0,1,600000,4,0,0,0,0
904,28,0,1,300000,6,0,0,0,0
905,28,1,1,550000,6,0,0,1,0
906,34,0,1,1300000,5,1,0,0,0
907,26,1,1,1400000,6,0,0,1,1
908,34,1,1,1300000,3,0,0,1,0
909,26,1,1,1400000,4,1,0,1,1
910,34,0,1,1300000,4,0,0,0,0
911,27,0,1,1050000,5,0,1,0,0
912,31,1,1,1400000,6,0,1,1,1
913,31,1,1,1400000,4,0,0,1,1
914,32,0,1,800000,6,1,0,0,0
915,28,0,1,600000,2,0,1,0,0
916,26,1,1,1500000,6,0,1,1,1
917,28,0,1,300000,6,0,0,0,0
918,33,0,1,1000000,7,1,0,0,1
919,26,1,1,1500000,6,0,1,1,1
920,32,0,1,650000,5,0,0,0,0
921,33,0,1,400000,4,0,0,0,0
922,29,1,1,900000,4,0,0,0,0
923,28,1,1,1100000,4,1,1,0,0
924,31,0,1,400000,6,0,0,0,0
925,30,1,0,800000,3,0,0,0,0
926,34,1,1,700000,5,0,0,0,1
927,33,1,1,1500000,5,1,1,1,1
928,26,1,1,450000,7,0,0,0,1
929,26,1,1,600000,5,0,0,0,1
930,34,1,1,700000,7,1,0,0,1
931,28,0,1,1200000,6,1,0,0,0
932,27,0,1,1050000,5,1,0,0,1
933,28,0,1,600000,5,0,0,1,0
934,28,1,1,800000,5,0,1,0,0
935,27,1,0,1550000,7,0,1,0,1
936,33,0,1,800000,3,0,0,0,0
937,28,1,1,1250000,4,0,0,0,0
938,28,0,1,1200000,8,0,1,0,1
939,31,1,1,500000,8,0,0,0,1
940,25,1,1,1400000,6,0,1,1,1
941,34,1,1,1000000,5,0,0,0,0
942,25,1,1,500000,6,0,0,0,0
943,29,1,1,1200000,5,1,0,0,0
944,33,0,1,600000,3,0,0,0,0
945,28,1,1,1200000,9,0,0,0,0
946,25,1,1,1400000,5,0,1,1,1
947,35,1,0,800000,5,0,0,0,0
948,29,1,1,500000,5,0,0,0,0
949,29,1,1,1200000,3,1,0,1,1
950,28,1,1,550000,5,0,0,0,0
951,34,1,1,1500000,5,0,1,1,1
952,28,1,1,1450000,5,0,1,1,1
953,29,1,1,1750000,6,0,0,0,0
954,34,1,1,1000000,5,1,1,0,0
955,34,1,1,1300000,6,0,0,0,1
956,25,1,0,1700000,5,0,1,0,1
957,28,1,1,500000,5,1,0,0,0
958,27,1,0,350000,5,1,0,0,0
959,31,1,1,500000,6,0,0,0,0
960,28,1,1,1450000,4,0,1,1,1
961,28,0,0,300000,6,1,0,0,0
962,33,0,1,1000000,5,0,0,0,0
963,26,1,1,600000,6,1,0,0,1
964,33,0,1,400000,9,1,0,0,1
965,25,1,0,1150000,8,0,1,0,0
966,25,1,1,1700000,4,1,1,0,1
967,29,1,1,900000,5,0,0,0,0
968,31,1,1,1250000,5,1,0,0,0
969,31,1,1,900000,3,0,0,0,0
970,27,1,0,450000,7,0,0,0,0
971,34,1,1,1050000,6,0,0,1,1
972,28,1,1,1200000,3,0,0,0,0
973,26,1,1,1500000,4,0,1,1,1
974,26,1,1,1500000,4,0,1,1,1
975,30,1,0,1450000,3,1,1,1,1
976,26,1,1,1300000,5,0,0,0,0
977,34,1,1,1500000,2,0,1,1,1
978,32,0,1,900000,4,0,1,0,0
979,30,1,0,650000,4,0,0,0,0
980,28,0,1,300000,8,0,0,0,0
981,27,0,1,750000,3,0,0,0,0
982,27,0,1,850000,5,0,0,0,0
983,35,1,0,950000,6,0,1,0,1
984,28,1,1,550000,5,1,0,0,0
985,25,1,1,1400000,3,1,1,1,1
986,25,1,1,1400000,3,0,0,1,1
987,33,1,1,1400000,2,1,0,1,1
988,31,1,1,1750000,7,0,0,0,0
989,33,0,1,400000,7,1,0,0,1
990,29,1,1,600000,4,0,1,0,1
991,30,1,0,1450000,7,0,1,1,1
992,28,1,1,1100000,4,1,0,0,0
993,34,1,1,700000,2,0,1,0,0
994,28,1,1,550000,6,1,0,0,0
995,27,0,1,850000,5,0,0,0,0
996,31,1,1,1400000,4,0,1,1,1
997,28,1,1,700000,4,1,0,0,0
998,26,1,1,1400000,4,0,0,1,1
999,34,1,1,1300000,6,0,0,0,1
1000,28,0,1,300000,4,0,0,0,0
1001,26,1,1,1250000,5,0,0,0,1
1002,29,1,1,500000,8,0,0,0,0
1003,31,1,1,1250000,5,1,0,0,0
1004,31,0,0,400000,4,1,0,0,0
1005,27,1,0,350000,4,0,0,0,0
1006,28,1,1,1100000,6,0,0,0,0
1007,34,1,1,1000000,6,0,0,0,1
1008,26,1,1,1400000,5,0,0,1,1
1009,34,1,1,1500000,4,0,1,1,1
1010,27,0,1,500000,8,0,0,0,0
1011,35,1,0,950000,9,0,0,0,1
1012,29,1,1,1200000,5,0,0,0,0
1013,25,1,0,600000,4,0,1,0,0
1014,26,0,1,550000,5,0,0,0,1
1015,26,1,1,1400000,4,1,0,1,1
1016,29,1,1,350000,9,1,0,0,0
1017,28,0,1,300000,3,1,0,0,0
1018,31,0,1,400000,7,0,0,0,0
1019,27,0,1,850000,4,1,1,1,1
1020,25,1,0,1150000,4,0,0,0,0
1021,28,1,1,1150000,4,0,0,0,1
1022,27,0,1,850000,5,0,1,0,0
1023,25,1,1,1400000,3,0,0,1,1
1024,32,0,1,800000,9,0,0,1,1
1025,31,0,1,1300000,4,1,0,0,1
1026,28,1,1,700000,4,0,0,0,0
1027,25,1,0,1150000,5,0,1,0,0
1028,25,1,0,1150000,3,1,0,0,0
1029,31,0,0,300000,3,0,0,0,0
1030,34,1,1,1000000,3,1,0,0,0
1031,29,1,1,1200000,9,0,0,0,0
1032,32,0,1,850000,3,0,0,0,1
1033,31,1,1,1250000,4,0,0,0,0
1034,25,1,1,1400000,3,0,1,1,1
1035,34,1,1,1300000,3,0,0,0,0
1036,28,1,1,750000,5,0,0,0,0
1037,29,1,1,900000,7,0,0,0,1
1038,30,1,0,550000,4,0,0,0,1
1039,28,1,1,800000,3,1,0,0,0
1040,32,0,1,850000,3,0,1,0,1
1041,26,1,1,500000,2,1,0,0,0
1042,31,1,1,500000,2,0,0,0,0
1043,30,1,0,500000,8,0,0,0,0
1044,25,1,0,1350000,6,0,0,1,1
1045,28,1,1,1100000,4,1,0,0,0
1046,33,0,1,400000,5,1,0,0,0
1047,31,1,1,1350000,4,0,0,1,1
1048,25,1,1,500000,5,1,0,0,0
1049,29,1,1,900000,7,0,0,0,0
1050,33,0,1,1100000,2,1,0,1,0
1051,25,1,0,600000,4,0,1,1,0
1052,29,1,1,1200000,7,1,0,0,0
1053,34,1,1,1050000,4,0,0,0,1
1054,31,0,1,400000,5,0,0,0,0
1055,25,1,1,1700000,5,0,1,0,1
1056,31,0,1,1300000,4,0,0,0,0
1057,28,1,1,700000,6,1,0,0,0
1058,27,0,1,900000,6,0,1,1,0
1059,32,0,1,350000,4,0,0,0,0
1060,35,1,0,950000,5,1,0,0,0
1061,31,0,1,400000,3,0,0,0,0
1062,32,0,1,650000,4,0,0,0,0
1063,28,1,1,1200000,6,0,0,0,0
1064,29,1,1,1200000,5,0,0,0,0
1065,28,0,0,300000,7,1,0,0,0
1066,29,1,1,1200000,5,1,0,0,1
1067,34,1,1,700000,4,0,1,0,1
1068,27,0,1,500000,4,1,0,0,1
1069,28,1,1,800000,4,1,0,0,0
1070,33,0,1,800000,5,1,0,0,0
1071,27,0,1,750000,8,0,0,0,0
1072,31,0,1,400000,6,0,0,0,0
1073,28,1,1,500000,7,0,0,0,0
1074,34,1,1,1500000,5,1,1,1,0
1075,32,0,1,650000,5,0,1,0,0
1076,31,1,1,1350000,4,0,0,1,1
1077,27,0,1,1050000,4,0,0,0,0
1078,31,0,0,300000,3,0,0,0,0
1079,34,1,1,1000000,3,0,0,0,0
1080,28,1,1,700000,7,0,0,0,0
1081,26,0,1,1450000,5,0,1,1,1
1082,29,1,1,1200000,8,1,0,0,0
1083,25,1,0,1150000,8,0,0,0,0
1084,29,1,1,1050000,4,0,0,0,0
1085,28,1,1,1250000,7,0,0,0,0
1086,28,0,1,300000,3,0,0,0,0
1087,31,0,1,1200000,7,1,0,0,0
1088,28,1,1,1250000,9,1,0,0,0
1089,26,1,1,500000,3,0,0,0,0
1090,29,1,1,1100000,5,1,0,0,0
1091,34,1,1,1500000,9,0,1,1,1
1092,31,0,1,1500000,7,0,1,1,1
1093,26,1,1,1500000,5,0,1,1,1
1094,34,1,1,700000,5,1,0,0,0
1095,34,0,1,1100000,9,0,0,0,1
1096,30,1,0,1450000,7,1,1,1,1
1097,28,0,1,600000,8,0,1,0,0
1098,28,1,1,1150000,6,1,0,0,0
1099,35,1,0,800000,6,0,0,0,1
1100,27,1,0,450000,3,0,0,0,1
1101,34,1,1,500000,4,0,0,0,0
1102,29,1,1,1200000,5,1,0,0,0
1103,34,1,1,1050000,5,1,0,0,0
1104,34,1,1,1000000,5,0,0,0,0
1105,26,0,1,1450000,7,0,1,1,1
1106,34,1,1,1300000,4,0,0,0,0
1107,26,1,1,1400000,5,0,0,1,1
1108,35,1,0,950000,3,0,1,0,1
1109,25,1,1,1400000,4,1,1,1,1
1110,29,1,1,1100000,4,0,0,1,0
1111,34,1,1,500000,3,0,0,0,0
1112,35,1,0,800000,4,0,0,0,0
1113,33,0,1,400000,5,0,0,0,0
1114,33,0,1,1000000,3,0,0,1,0
1115,34,1,1,700000,2,0,0,0,0
1116,28,0,1,600000,9,0,1,0,1
1117,28,1,1,800000,5,1,0,0,0
1118,33,0,1,1100000,2,0,1,0,0
1119,28,0,1,300000,6,1,0,0,0
1120,31,0,0,300000,4,0,0,0,0
1121,34,1,1,1000000,6,1,0,0,1
1122,34,1,1,700000,5,0,1,0,1
1123,25,1,1,1800000,6,1,1,0,1
1124,29,1,1,1100000,5,0,1,0,0
1125,28,0,1,300000,5,0,0,0,0
1126,29,1,1,1200000,4,0,0,0,0
1127,30,1,0,650000,6,0,1,0,0
1128,33,0,1,700000,4,0,0,0,0
1129,26,1,1,1500000,2,0,1,1,1
1130,28,1,1,550000,5,0,1,0,0
1131,31,0,1,400000,3,0,0,0,0
1132,34,0,1,1300000,4,0,0,0,1
1133,35,0,1,1100000,3,1,0,0,1
1134,31,1,1,1250000,7,0,0,0,1
1135,28,1,1,1100000,7,1,0,0,1
1136,27,1,0,600000,6,0,0,0,1
1137,35,1,0,800000,5,0,0,0,0
1138,28,1,1,900000,6,1,1,0,0
1139,26,1,1,500000,4,0,0,0,0
1140,28,1,1,750000,4,0,1,1,0
1141,33,1,1,750000,4,1,0,0,0
1142,27,0,1,750000,6,0,0,0,0
1143,27,0,1,500000,4,0,0,0,0
1144,31,0,0,300000,4,0,0,0,0
1145,28,1,1,500000,5,0,0,0,0
1146,29,1,1,1200000,4,0,0,0,0
1147,26,1,1,1500000,3,0,1,1,1
1148,28,1,1,700000,5,0,1,0,0
1149,25,1,1,1400000,5,0,1,1,1
1150,28,1,1,600000,3,0,0,0,1
1151,34,1,1,700000,7,0,0,0,1
1152,28,0,1,300000,4,0,0,0,0
1153,28,1,1,1150000,6,0,0,0,0
1154,34,1,1,1000000,5,1,0,0,0
1155,28,0,1,600000,4,0,1,0,1
1156,28,1,1,1300000,6,0,0,0,1
1157,28,1,1,800000,5,1,0,0,1
1158,34,1,1,700000,2,0,0,0,0
1159,31,1,1,1250000,3,0,0,0,0
1160,29,1,1,1050000,3,1,0,0,0
1161,28,1,1,600000,3,0,0,0,1
1162,34,1,0,1400000,4,0,0,1,1
1163,29,1,1,900000,3,0,0,0,0
1164,31,1,1,1400000,6,0,0,1,1
1165,28,1,1,1150000,2,0,0,0,1
1166,34,1,1,1300000,3,0,0,0,0
1167,34,1,1,1050000,4,0,0,0,0
1168,28,0,1,600000,3,0,0,0,0
1169,25,1,1,1400000,7,0,0,1,1
1170,34,0,1,1300000,5,0,0,0,0
1171,31,0,1,400000,4,0,0,0,0
1172,28,1,1,900000,4,1,0,0,1
1173,32,0,1,850000,7,0,0,1,1
1174,30,1,0,800000,4,1,1,0,0
1175,33,0,1,400000,4,1,0,0,0
1176,34,1,0,1300000,5,0,0,0,0
1177,34,1,1,700000,2,1,1,0,0
1178,28,1,1,800000,4,0,0,0,1
1179,27,0,1,500000,6,0,0,0,0
1180,26,1,1,500000,6,0,0,0,0
1181,28,1,1,600000,3,0,0,0,0
1182,28,0,1,300000,5,0,0,0,0
1183,29,1,1,1100000,4,1,0,0,0
1184,35,1,0,800000,4,0,0,0,0
1185,33,0,1,400000,4,0,0,0,0
1186,31,1,1,900000,3,1,0,0,0
1187,29,1,1,1200000,6,1,0,0,0
1188,26,1,1,500000,5,0,0,0,0
1189,34,1,0,1300000,3,0,0,0,0
1190,31,1,1,1250000,3,0,0,0,0
1191,25,1,0,1150000,5,1,0,0,0
1192,33,0,1,1100000,3,0,0,0,1
1193,34,1,0,950000,3,0,0,0,0
1194,31,1,1,1350000,3,0,0,1,1
1195,31,1,1,900000,3,0,0,0,0
1196,28,0,1,300000,2,0,0,0,0
1197,25,1,1,1700000,5,1,1,0,1
1198,33,0,1,400000,4,0,0,0,0
1199,28,0,1,1200000,7,1,0,0,0
1200,26,1,1,1400000,4,1,0,1,1
1201,28,1,1,650000,5,0,1,0,0
1202,31,1,1,1400000,4,0,0,1,1
1203,28,1,1,1150000,6,1,0,0,0
1204,28,1,1,800000,3,1,0,0,1
1205,33,0,1,700000,3,0,0,0,0
1206,29,1,1,1200000,3,0,0,0,1
1207,26,1,1,450000,6,0,0,0,0
1208,31,0,1,1200000,9,0,0,0,0
1209,34,1,1,1500000,5,1,1,1,1
1210,30,1,0,800000,5,0,0,0,1
1211,25,1,1,1700000,4,0,1,0,1
1212,34,1,0,1300000,5,0,0,0,0
1213,25,0,1,750000,2,0,0,1,1
1214,31,0,1,1200000,2,1,0,0,0
1215,25,1,1,1700000,5,0,1,0,1
1216,27,1,0,800000,6,0,0,0,1
1217,31,0,1,400000,7,0,0,0,0
1218,28,1,1,1150000,7,0,0,0,0
1219,34,1,1,700000,6,0,1,0,1
1220,28,1,1,1100000,5,0,0,0,0
1221,28,0,1,300000,2,0,0,0,0
1222,29,1,1,1350000,3,1,1,1,0
1223,33,1,1,550000,5,1,0,0,0
1224,33,1,1,1400000,7,0,0,1,1
1225,31,0,0,350000,3,1,0,0,0
1226,34,1,1,1500000,5,0,1,1,1
1227,29,1,1,1050000,7,0,0,0,0
1228,31,0,0,400000,4,1,0,0,0
1229,33,0,1,400000,9,0,0,0,1
1230,31,0,1,1500000,6,0,1,1,1
1231,34,1,1,1500000,4,1,1,1,1
1232,31,0,0,350000,4,1,0,0,0
1233,27,0,1,1050000,5,1,0,0,0
1234,34,0,1,1300000,4,0,0,0,0
1235,28,0,1,1200000,3,0,0,0,0
1236,28,0,1,600000,3,0,0,0,0
1237,31,1,1,900000,7,0,0,1,0
1238,34,1,1,700000,6,0,0,0,1
1239,34,1,1,1500000,6,1,1,1,1
1240,28,1,1,700000,5,0,1,0,0
1241,33,0,1,1100000,8,0,0,0,1
1242,28,1,1,700000,3,1,0,1,0
1243,33,0,1,700000,6,1,0,0,1
1244,25,1,0,1150000,3,1,0,1,0
1245,26,1,1,1400000,3,0,0,1,1
1246,26,1,1,1250000,4,0,0,0,0
1247,26,1,1,500000,7,0,0,0,0
1248,28,1,1,1200000,5,0,0,0,0
1249,28,0,1,600000,4,0,0,0,0
1250,28,1,1,800000,7,0,0,0,0
1251,28,1,1,500000,5,1,0,0,1
1252,34,1,1,1050000,5,0,0,0,0
1253,25,1,1,1700000,3,0,1,0,1
1254,34,1,1,700000,8,0,0,0,1
1255,28,0,1,1200000,3,0,0,0,0
1256,28,1,1,500000,5,1,0,0,1
1257,28,1,0,550000,5,0,0,0,0
1258,34,0,1,1300000,7,1,0,0,1
1259,33,0,1,400000,6,0,0,0,1
1260,30,1,0,550000,4,0,0,0,0
1261,33,0,1,800000,6,1,0,0,1
1262,27,0,1,500000,4,0,0,0,1
1263,28,0,1,600000,7,1,0,0,0
1264,31,0,1,400000,6,0,0,0,0
1265,34,1,1,1000000,5,0,0,0,0
1266,33,1,1,1400000,8,1,0,1,1
1267,31,1,1,1350000,3,0,1,1,1
1268,33,0,1,1000000,5,0,0,1,1
1269,31,0,1,1200000,3,0,0,0,0
1270,31,0,0,350000,3,0,0,0,0
1271,25,1,1,500000,4,1,0,0,1
1272,33,0,1,650000,3,0,0,0,1
1273,29,1,1,1200000,4,0,1,0,0
1274,34,1,1,1000000,3,0,0,0,0
1275,29,1,1,600000,6,0,0,0,0
1276,31,0,1,1200000,5,1,0,0,1
1277,34,1,1,1500000,2,0,1,1,1
1278,30,1,0,550000,3,0,0,0,1
1279,29,1,1,1200000,5,0,1,0,1
1280,25,1,1,1400000,4,0,0,1,1
1281,29,0,1,600000,4,0,0,0,0
1282,31,1,1,1400000,3,0,1,1,1
1283,28,1,1,900000,2,0,1,0,0
1284,33,0,1,400000,5,0,0,0,0
1285,26,0,1,500000,4,0,0,0,0
1286,28,1,1,550000,3,0,0,0,0
1287,34,1,1,500000,4,0,0,0,0
1288,28,1,1,750000,3,0,0,0,0
1289,28,1,1,800000,2,0,0,0,0
1290,31,1,1,1400000,5,0,1,1,1
1291,34,1,1,1500000,5,1,1,1,1
1292,33,0,1,650000,9,1,0,0,0
1293,28,0,1,300000,6,1,0,0,0
1294,28,1,1,600000,4,0,0,0,0
1295,35,0,1,900000,7,1,1,0,1
1296,29,1,1,1050000,3,0,0,0,0
1297,28,0,1,300000,4,0,0,0,0
1298,27,0,1,500000,2,1,0,0,1
1299,28,1,1,700000,6,1,0,0,0
1300,31,0,1,1200000,6,0,0,0,0
1301,28,1,0,550000,3,0,0,0,0
1302,28,1,0,550000,3,0,0,0,1
1303,28,1,1,1200000,5,0,0,0,0
1304,34,1,1,1050000,5,0,0,0,1
1305,29,1,1,900000,5,0,0,0,1
1306,28,1,1,700000,5,1,0,0,0
1307,28,1,1,900000,3,0,0,0,0
1308,31,1,1,1250000,7,1,0,0,0
1309,33,1,1,1400000,4,0,0,1,1
1310,28,1,1,1150000,6,0,0,0,1
1311,28,1,1,800000,3,0,0,0,1
1312,34,1,1,1300000,5,0,0,0,0
1313,29,1,1,900000,7,0,0,0,0
1314,31,1,1,1400000,6,0,0,1,1
1315,25,1,0,1150000,3,0,0,0,0
1316,31,1,1,1400000,3,0,0,1,1
1317,25,1,0,1700000,4,0,1,0,1
1318,31,1,1,1350000,3,1,0,1,1
1319,26,1,1,600000,6,0,1,0,0
1320,31,1,1,1350000,3,0,1,1,1
1321,31,0,0,300000,7,0,0,0,0
1322,34,1,1,1050000,6,0,0,0,1
1323,34,1,1,1750000,5,0,0,0,0
1324,33,0,1,400000,9,1,0,0,1
1325,30,1,0,800000,4,0,0,0,1
1326,34,1,1,700000,5,0,0,0,0
1327,28,1,1,800000,4,0,1,0,0
1328,28,1,1,900000,2,0,1,0,0
1329,33,1,1,1400000,4,0,0,1,1
1330,33,0,1,1100000,4,0,0,0,0
1331,31,1,1,1250000,5,0,0,0,1
1332,29,1,1,1200000,4,0,0,0,0
1333,28,1,1,1250000,5,0,0,0,0
1334,25,0,1,750000,3,0,0,1,1
1335,25,0,1,750000,5,1,1,0,0
1336,28,1,1,900000,3,0,0,0,0
1337,28,1,1,1250000,4,0,0,0,0
1338,28,1,1,1450000,4,0,1,1,1
1339,34,1,1,1500000,5,0,1,1,1
1340,28,1,1,700000,4,1,0,0,1
1341,34,1,1,1000000,3,0,0,0,0
1342,25,1,1,1400000,3,0,0,1,1
1343,26,1,1,1500000,5,1,1,1,1
1344,25,1,1,1700000,3,0,1,0,1
1345,28,1,1,700000,2,1,0,0,0
1346,29,1,1,1100000,4,0,0,0,0
1347,28,1,1,1300000,3,0,0,0,0
1348,33,0,1,800000,4,0,0,0,0
1349,26,1,1,1400000,3,0,0,1,1
1350,33,0,1,700000,3,1,0,0,1
1351,28,1,1,1100000,4,0,0,0,0
1352,31,0,1,400000,5,0,0,0,0
1353,33,1,1,1200000,2,0,0,0,0
1354,26,1,1,1400000,9,1,0,1,1
1355,30,1,0,650000,6,0,1,0,1
1356,30,1,0,550000,3,0,1,1,0
1357,30,1,0,550000,7,0,0,0,0
1358,26,1,1,1500000,4,0,1,1,1
1359,32,0,1,850000,9,0,1,0,1
1360,34,1,1,1300000,2,0,0,0,0
1361,26,1,1,1400000,4,0,0,1,1
1362,28,1,1,700000,2,1,0,0,1
1363,28,0,1,600000,7,0,0,0,0
1364,29,1,1,350000,6,1,0,0,0
1365,34,1,0,750000,3,0,1,0,0
1366,31,0,0,1750000,2,0,0,0,0
1367,27,0,1,850000,5,0,0,0,1
1368,29,1,1,1350000,6,0,0,1,1
1369,34,1,0,750000,4,0,1,0,0
1370,28,1,1,800000,6,0,0,0,0
1371,28,0,1,1200000,4,0,0,0,1
1372,33,1,1,550000,5,1,0,0,1
1373,28,1,1,650000,4,0,1,0,0
1374,28,0,1,300000,6,1,0,0,0
1375,28,1,1,1450000,5,0,1,1,1
1376,27,0,1,750000,3,1,0,0,0
1377,26,0,1,1450000,3,0,1,1,1
1378,34,0,1,1300000,2,1,0,0,0
1379,35,1,0,800000,3,0,1,0,0
1380,28,1,1,500000,5,1,0,0,1
1381,25,1,1,1400000,4,1,0,1,1
1382,28,1,1,1400000,4,0,0,1,1
1383,25,1,1,1400000,2,1,0,1,1
1384,34,1,1,1000000,4,0,1,0,0
1385,27,0,1,500000,4,0,0,0,0
1386,28,1,1,500000,4,0,0,0,0
1387,30,1,0,650000,6,1,0,0,1
1388,27,1,0,350000,5,1,0,0,0
1389,25,1,0,1150000,6,0,0,0,1
1390,32,0,1,900000,5,0,0,0,0
1391,31,1,1,1400000,4,1,0,1,0
1392,27,0,1,1050000,2,0,0,0,1
1393,33,0,1,1000000,4,0,1,1,0
1394,30,1,0,650000,3,1,0,0,0
1395,35,0,1,1100000,2,1,0,0,0
1396,32,0,1,350000,5,1,0,0,0
1397,28,1,1,900000,9,1,0,1,0
1398,31,1,1,1400000,3,0,1,1,1
1399,25,1,0,600000,3,1,0,0,0
1400,29,1,1,1050000,6,1,1,0,0
1401,28,0,1,300000,3,0,0,0,0
1402,26,1,1,600000,4,1,0,0,0
1403,28,1,1,750000,2,0,0,0,1
1404,34,1,1,1000000,6,0,0,0,1
1405,28,0,1,600000,8,0,0,0,0
1406,33,0,1,1100000,4,0,0,0,0
1407,31,1,1,1250000,4,0,0,0,0
1408,33,0,1,700000,7,0,0,0,1
1409,28,1,1,1200000,3,0,0,0,1
1410,28,1,1,550000,8,0,0,0,0
1411,29,1,1,1200000,3,1,0,0,1
1412,26,1,1,500000,4,1,0,0,1
1413,28,1,1,1150000,6,0,0,0,0
1414,34,1,1,700000,3,0,0,0,0
1415,31,0,1,1300000,3,1,0,0,1
1416,26,1,1,600000,6,1,0,0,0
1417,35,1,0,800000,5,0,0,0,0
1418,30,1,0,800000,4,0,0,0,1
1419,27,0,1,1050000,5,0,0,0,0
1420,33,0,1,700000,3,0,0,0,0
1421,31,1,1,1350000,3,1,1,1,1
1422,28,1,1,700000,4,0,1,0,0
1423,33,1,1,550000,8,0,0,0,0
1424,31,0,1,400000,9,0,0,0,0
1425,28,0,1,600000,4,0,0,0,0
1426,26,0,1,500000,6,1,0,0,0
1427,25,1,0,1150000,6,0,0,0,1
1428,34,1,1,1300000,7,0,0,0,1
1429,32,0,1,650000,3,0,0,0,1
1430,25,1,1,1400000,6,0,0,1,1
1431,25,1,0,1150000,6,0,0,0,1
1432,28,1,1,700000,3,0,0,0,1
1433,31,1,1,1400000,4,0,0,1,1
1434,34,1,1,1750000,3,0,1,0,0
1435,34,1,1,500000,4,0,0,0,1
1436,31,1,1,900000,5,0,0,0,0
1437,30,1,0,500000,7,0,0,0,1
1438,32,0,1,850000,3,0,1,0,0
1439,33,0,1,400000,7,1,0,0,1
1440,34,1,1,850000,5,0,0,0,0
1441,31,0,1,400000,4,0,0,0,0
1442,26,1,1,500000,2,0,0,0,0
1443,29,1,1,1200000,7,1,0,0,1
1444,31,1,1,900000,6,0,0,0,0
1445,28,1,1,1100000,4,1,0,0,0
1446,29,1,1,500000,5,0,0,0,1
1447,31,0,0,300000,3,1,0,0,0
1448,32,0,1,800000,4,1,0,0,0
1449,29,1,1,1100000,4,1,0,0,0
1450,34,1,1,1050000,7,0,0,0,1
1451,25,1,0,1150000,4,1,0,0,0
1452,31,1,1,1350000,3,0,0,1,1
1453,30,1,0,550000,3,1,0,0,0
1454,27,0,1,1050000,7,1,0,0,0
1455,33,0,1,1100000,4,0,0,0,1
1456,25,1,0,1700000,3,0,1,0,1
1457,25,1,0,600000,3,0,0,0,1
1458,28,1,1,800000,4,0,0,0,0
1459,34,1,1,1500000,5,1,1,1,1
1460,28,1,1,550000,4,0,0,0,0
1461,31,0,0,400000,8,0,0,0,0
1462,28,1,1,500000,3,1,0,0,0
1463,28,1,1,1150000,6,0,0,0,0
1464,31,0,1,400000,3,0,0,0,0
1465,35,1,0,950000,2,1,0,0,0
1466,29,1,1,1200000,7,0,0,0,0
1467,32,0,1,850000,5,1,1,0,0
1468,31,1,1,1250000,6,1,0,0,0
1469,28,0,1,300000,6,0,0,0,0
1470,33,0,1,1100000,4,0,0,0,0
1471,35,0,1,1100000,3,0,0,0,1
1472,28,1,1,1200000,5,0,0,0,0
1473,29,1,1,1050000,6,0,0,0,0
1474,28,0,1,300000,5,1,0,0,0
1475,28,0,1,300000,4,0,0,0,0
1476,33,1,1,1750000,6,0,0,0,1
1477,34,1,1,1000000,5,0,0,0,0
1478,28,0,1,1100000,4,1,0,0,0
1479,25,1,1,1400000,7,0,0,1,1
1480,27,0,1,750000,4,0,1,0,0
1481,34,1,1,500000,6,0,0,0,1
1482,33,0,1,700000,4,0,0,1,0
1483,28,0,1,300000,3,1,0,0,0
1484,28,1,1,800000,4,1,0,0,0
1485,34,1,1,500000,4,0,0,0,0
1486,32,0,1,350000,5,0,0,0,0
1487,32,0,1,350000,3,0,0,0,0
1488,28,1,1,700000,4,0,0,0,0
1489,29,1,1,1350000,4,0,0,1,1
1490,25,1,0,1150000,5,0,0,0,0
1491,26,1,1,1400000,7,1,1,1,1
1492,27,1,0,1000000,6,0,0,0,0
1493,32,0,1,900000,6,1,0,0,0
1494,25,0,1,750000,6,0,0,0,1
1495,29,1,1,600000,4,0,0,0,1
1496,28,1,1,750000,4,0,0,0,0
1497,33,0,1,400000,6,0,0,0,1
1498,33,0,1,600000,4,0,0,0,0
1499,28,1,1,1200000,3,0,0,0,0
1500,25,1,1,1750000,3,0,0,1,1
1501,28,1,1,800000,4,0,0,0,0
1502,28,1,1,750000,6,1,0,0,0
1503,29,1,1,500000,4,0,0,0,0
1504,34,1,1,850000,2,0,0,0,0
1505,27,0,1,500000,4,0,0,0,0
1506,28,1,1,1150000,6,1,0,0,0
1507,27,0,1,750000,5,0,0,0,0
1508,25,1,0,1700000,5,0,1,1,1
1509,28,1,1,1300000,4,1,0,0,0
1510,26,1,1,500000,3,0,0,0,0
1511,26,1,1,1300000,5,0,0,0,0
1512,28,1,1,500000,3,0,0,0,0
1513,28,1,1,1450000,5,0,1,1,1
1514,34,1,1,1000000,6,1,0,0,1
1515,32,0,1,350000,3,1,0,0,0
1516,34,0,1,1300000,2,0,0,0,0
1517,26,1,1,1400000,4,1,0,1,1
1518,31,1,1,1250000,6,0,0,0,1
1519,28,0,1,300000,6,0,0,0,1
1520,28,0,1,600000,4,1,0,0,0
1521,29,1,1,1350000,5,0,0,1,1
1522,31,0,0,400000,3,0,0,0,0
1523,27,0,1,750000,5,0,0,0,0
1524,29,1,1,1200000,3,0,0,0,0
1525,30,1,0,800000,4,0,0,0,0
1526,30,1,0,550000,5,1,0,0,1
1527,31,1,1,1250000,5,0,0,0,1
1528,28,1,1,750000,2,0,0,0,0
1529,31,1,1,1250000,4,0,0,0,1
1530,26,1,1,500000,5,0,0,0,0
1531,27,0,1,750000,5,0,0,0,0
1532,28,0,1,1200000,5,0,0,0,0
1533,33,0,1,600000,8,0,0,0,1
1534,33,0,1,1750000,6,0,0,0,1
1535,33,0,1,650000,5,0,1,0,1
1536,26,1,1,600000,7,1,0,0,0
1537,29,1,1,500000,4,0,0,0,1
1538,31,0,1,400000,5,0,0,0,0
1539,33,1,1,550000,7,1,1,0,1
1540,34,0,1,1100000,4,0,0,0,0
1541,28,1,1,1100000,4,0,0,0,0
1542,28,1,1,800000,3,0,0,0,0
1543,32,0,1,350000,4,0,0,0,0
1544,29,1,1,1200000,8,0,0,0,0
1545,34,1,0,1400000,3,0,1,1,1
1546,30,1,0,550000,2,1,0,0,0
1547,34,1,1,1500000,4,1,1,1,1
1548,27,1,0,450000,3,0,0,0,0
1549,28,1,1,700000,4,1,0,0,0
1550,28,1,1,1200000,7,0,0,0,0
1551,28,1,1,1300000,6,0,0,0,0
1552,28,1,1,750000,2,0,0,0,1
1553,28,1,1,1450000,3,0,1,1,1
1554,31,1,1,900000,5,0,1,0,0
1555,26,1,1,1400000,9,1,0,1,1
1556,30,1,0,1450000,6,0,1,1,1
1557,32,0,1,800000,7,0,0,0,0
1558,32,0,1,800000,5,0,0,0,0
1559,34,1,1,1050000,3,1,0,0,0
1560,28,1,1,1200000,4,0,0,0,0
1561,28,1,1,700000,7,0,0,0,0
1562,29,1,1,1100000,4,0,0,0,1
1563,31,1,1,1250000,7,0,0,0,0
1564,30,1,0,550000,5,0,0,0,0
1565,28,1,1,800000,2,0,0,0,0
1566,34,1,1,1500000,3,1,1,1,1
1567,33,1,1,1500000,5,0,1,1,1
1568,29,1,1,1200000,5,0,0,1,0
1569,27,0,1,500000,5,0,0,0,0
1570,28,1,1,700000,5,0,0,1,0
1571,34,1,1,1500000,6,0,1,1,1
1572,25,1,0,1150000,5,0,1,0,0
1573,33,0,1,650000,4,1,0,0,0
1574,28,1,0,550000,7,0,0,0,0
1575,30,1,0,550000,3,0,0,0,0
1576,28,1,1,1100000,4,0,0,0,1
1577,28,0,0,300000,4,0,0,0,0
1578,27,0,1,500000,6,1,0,0,0
1579,28,1,1,1200000,3,1,1,0,0
1580,28,1,1,1200000,5,1,1,0,0
1581,33,1,1,550000,6,0,0,0,1
1582,31,1,1,900000,4,0,0,0,0
1583,28,0,1,300000,6,0,0,0,0
1584,28,0,1,300000,3,0,0,0,0
1585,25,1,1,1700000,2,1,1,0,1
1586,28,1,1,1450000,4,0,1,1,1
1587,28,1,1,750000,3,0,0,0,0
1588,31,1,1,900000,5,1,1,0,0
1589,25,1,1,1400000,4,0,1,1,1
1590,30,1,0,550000,5,0,1,0,0
1591,28,0,1,300000,3,0,0,0,0
1592,25,1,0,1700000,5,0,1,0,1
1593,26,1,1,500000,8,0,0,0,0
1594,25,1,1,1400000,5,1,0,1,1
1595,34,1,1,500000,5,0,0,0,0
1596,31,0,0,400000,3,0,0,0,0
1597,31,1,1,1250000,6,0,0,0,0
1598,32,0,1,650000,5,1,0,0,0
1599,27,0,1,850000,3,0,0,0,0
1600,28,0,1,300000,7,0,0,0,1
1601,28,1,1,1250000,4,1,0,0,0
1602,28,1,1,700000,5,0,0,0,0
1603,28,0,1,600000,6,0,0,0,0
1604,29,1,1,1050000,7,0,0,0,0
1605,26,1,1,450000,4,0,0,0,0
1606,33,0,1,700000,2,0,0,0,0
1607,29,1,1,350000,8,1,0,0,1
1608,26,1,1,1500000,6,0,1,1,1
1609,27,0,1,500000,3,1,0,0,0
1610,33,1,1,550000,5,0,1,0,0
1611,26,1,1,1400000,6,1,0,1,1
1612,31,1,1,1400000,6,0,0,1,1
1613,28,1,1,550000,4,0,1,0,0
1614,34,0,1,1300000,4,0,0,0,1
1615,30,1,0,650000,5,0,0,0,0
1616,27,0,1,500000,2,0,0,0,1
1617,28,1,1,1150000,7,1,0,0,0
1618,28,0,1,300000,4,0,0,0,0
1619,25,0,1,750000,6,0,0,0,0
1620,27,0,1,850000,4,1,0,0,0
1621,31,1,1,900000,4,1,0,0,0
1622,34,1,1,1000000,9,0,0,0,1
1623,33,1,1,1400000,3,0,0,1,1
1624,25,1,0,1150000,6,1,0,0,1
1625,28,0,1,300000,3,1,0,0,1
1626,26,1,1,600000,3,0,0,0,0
1627,29,1,1,1050000,3,0,0,0,1
1628,29,1,1,1150000,4,1,0,0,0
1629,34,1,1,1000000,5,0,1,0,0
1630,31,1,1,900000,4,1,0,0,1
1631,33,0,1,1000000,3,0,0,0,0
1632,32,0,1,800000,7,0,0,0,0
1633,25,1,0,1150000,3,0,1,0,0
1634,34,1,1,1000000,5,0,0,0,0
1635,31,1,1,1250000,5,0,0,0,0
1636,28,1,1,1400000,4,0,1,1,0
1637,35,1,0,800000,5,0,0,1,1
1638,29,1,1,1200000,4,0,0,0,1
1639,25,1,1,1700000,4,0,1,0,1
1640,26,1,1,600000,6,0,0,0,0
1641,28,1,1,1100000,4,0,0,0,0
1642,31,1,1,1250000,7,0,0,0,0
1643,28,1,1,1150000,9,0,0,0,0
1644,28,1,1,1100000,7,0,0,0,1
1645,25,1,0,1150000,3,0,1,0,0
1646,28,1,1,1250000,3,1,0,0,1
1647,34,1,1,850000,5,1,1,0,0
1648,28,1,1,1100000,5,0,0,0,0
1649,28,1,1,1150000,4,1,0,0,0
1650,25,1,1,1800000,4,1,1,0,1
1651,34,1,1,1500000,3,0,1,1,1
1652,34,0,1,1100000,7,1,1,0,1
1653,26,1,1,500000,5,1,0,0,1
1654,25,1,1,1400000,5,1,1,1,1
1655,28,0,1,300000,7,1,0,0,0
1656,26,1,1,600000,3,0,0,0,0
1657,28,1,1,550000,4,0,0,0,0
1658,35,1,0,950000,6,0,0,1,0
1659,29,1,1,500000,3,0,0,0,0
1660,29,1,1,1200000,5,0,0,0,1
1661,28,1,1,700000,4,0,0,0,0
1662,28,1,1,550000,6,0,1,0,0
1663,28,1,1,1250000,3,0,0,0,0
1664,25,1,0,1150000,4,0,1,0,0
1665,31,0,0,300000,5,0,0,0,0
1666,34,1,0,1300000,6,0,0,0,1
1667,28,1,1,750000,5,0,0,0,0
1668,29,1,1,350000,9,0,0,0,0
1669,26,1,1,500000,5,1,0,0,1
1670,34,1,1,1050000,8,1,0,0,1
1671,29,1,1,1350000,8,0,0,1,1
1672,28,1,1,1350000,5,0,0,1,1
1673,28,1,1,700000,3,0,0,0,0
1674,34,1,0,950000,3,0,1,0,0
1675,33,1,1,750000,7,1,0,0,1
1676,27,0,1,1050000,7,0,0,0,1
1677,28,0,1,300000,3,1,0,0,0
1678,31,1,1,1350000,7,0,1,1,1
1679,28,1,1,550000,4,0,0,0,0
1680,31,0,1,1300000,8,0,0,0,0
1681,29,1,1,1050000,7,0,0,0,0
1682,30,1,0,800000,3,0,0,0,0
1683,28,1,1,800000,4,0,1,0,0
1684,26,1,1,1400000,6,1,0,1,1
1685,28,1,1,750000,5,1,1,0,0
1686,28,1,1,800000,6,0,0,1,0
1687,31,0,0,400000,4,1,0,0,0
1688,31,1,1,1250000,8,0,0,0,0
1689,27,0,1,500000,5,0,0,0,0
1690,35,1,0,800000,6,1,0,1,1
1691,26,1,1,1400000,5,0,0,1,1
1692,29,1,1,1100000,6,0,1,0,0
1693,31,0,1,1300000,2,0,1,0,1
1694,31,0,1,400000,5,0,0,0,0
1695,35,0,1,1100000,5,0,0,0,0
1696,28,1,1,800000,2,1,0,0,0
1697,29,1,1,1050000,5,0,0,0,0
1698,29,1,1,500000,4,0,0,0,0
1699,28,1,1,700000,3,0,0,0,1
1700,28,1,1,800000,6,1,0,0,0
1701,31,1,1,1250000,6,0,0,0,0
1702,27,0,1,1050000,2,0,0,0,0
1703,31,1,1,900000,5,1,0,0,0
1704,26,1,1,1400000,3,1,0,1,0
1705,28,0,1,300000,8,0,0,0,0
1706,33,0,1,400000,6,0,0,0,0
1707,35,1,0,800000,4,0,0,0,0
1708,26,1,1,1250000,3,1,0,0,1
1709,28,1,1,1200000,6,1,0,0,0
1710,31,1,1,1350000,4,0,0,1,1
1711,28,1,1,1100000,4,0,0,0,0
1712,28,1,1,1400000,4,0,0,1,1
1713,28,1,1,800000,4,0,0,0,0
1714,27,0,1,500000,2,0,0,0,0
1715,28,1,1,800000,6,1,0,0,0
1716,31,1,1,1250000,3,0,0,0,0
1717,34,1,1,1500000,5,1,1,1,1
1718,34,1,1,700000,3,0,0,0,1
1719,25,1,1,1700000,3,0,1,0,1
1720,29,1,1,1100000,2,0,0,0,0
1721,30,1,0,1450000,2,1,1,1,1
1722,34,1,1,1500000,3,1,1,1,1
1723,32,0,1,800000,6,0,1,0,0
1724,28,1,1,900000,4,0,1,0,1
1725,28,1,1,700000,3,0,0,0,0
1726,34,1,1,1500000,6,0,1,1,1
1727,28,1,1,1100000,4,0,0,0,0
1728,26,1,1,500000,6,0,0,0,0
1729,35,0,1,900000,7,0,0,0,1
1730,31,1,1,1100000,4,0,0,0,0
1731,31,1,1,500000,5,0,0,0,0
1732,29,1,1,1200000,3,0,0,1,0
1733,31,0,0,300000,5,0,0,0,0
1734,34,1,1,1050000,4,1,0,0,0
1735,34,1,1,500000,6,0,0,0,0
1736,33,1,1,750000,8,1,0,0,1
1737,27,0,1,1050000,7,0,0,0,0
1738,29,1,1,1200000,8,0,1,0,0
1739,29,1,1,500000,2,0,0,0,0
1740,26,1,1,600000,7,0,0,0,0
1741,28,1,1,800000,3,0,0,0,0
1742,28,1,1,800000,3,0,0,0,0
1743,35,1,0,950000,4,0,0,0,1
1744,28,1,0,550000,6,1,0,0,0
1745,34,1,1,850000,4,0,0,1,0
1746,31,0,1,400000,2,0,0,0,0
1747,33,1,1,1500000,5,0,1,1,1
1748,28,1,1,1100000,4,0,1,0,0
1749,33,0,1,1100000,4,1,0,1,0
1750,28,1,1,700000,5,0,0,0,0
1751,28,0,1,300000,5,0,0,0,0
1752,26,0,1,500000,5,1,0,0,0
1753,33,0,1,600000,7,0,0,0,1
1754,30,1,0,1450000,4,1,1,1,1
1755,34,1,1,850000,5,1,0,0,0
1756,29,1,1,900000,3,0,0,0,1
1757,25,1,0,1150000,7,0,0,0,0
1758,26,0,1,500000,6,0,0,0,0
1759,25,0,1,750000,2,0,1,0,0
1760,34,1,1,1500000,3,0,1,1,1
1761,30,1,0,500000,7,1,0,0,0
1762,28,1,1,1300000,5,1,1,0,0
1763,29,1,1,1050000,3,0,0,0,0
1764,32,0,1,900000,5,0,1,0,0
1765,34,1,1,1300000,6,1,0,0,1
1766,26,0,1,550000,4,0,0,0,0
1767,35,1,0,800000,4,0,0,0,1
1768,28,1,1,650000,3,0,0,0,0
1769,29,1,1,1050000,5,0,0,0,0
1770,34,1,1,1050000,4,1,0,0,0
1771,26,1,1,1400000,4,0,0,1,1
1772,28,1,1,1150000,8,0,1,0,0
1773,28,1,1,500000,4,0,0,0,0
1774,32,0,1,350000,5,0,0,0,0
1775,33,0,1,1100000,8,0,0,0,1
1776,29,1,1,1200000,4,0,0,0,0
1777,34,1,1,700000,4,1,1,0,0
1778,28,1,1,750000,4,0,1,0,0
1779,25,1,0,1700000,6,0,1,0,1
1780,31,1,1,950000,3,0,1,0,0
1781,29,1,1,600000,5,1,0,0,0
1782,34,1,1,850000,4,0,0,0,0
1783,29,1,1,1200000,9,0,0,0,1
1784,34,1,1,700000,4,0,0,0,1
1785,25,1,0,1150000,2,0,0,1,0
1786,31,1,1,950000,4,0,0,0,0
1787,34,1,1,500000,5,0,0,0,0
1788,26,1,1,1750000,3,0,0,0,0
1789,28,1,1,1150000,3,1,0,0,0
1790,28,1,1,1150000,4,0,0,0,0
1791,28,1,1,1200000,5,0,0,0,0
1792,34,1,1,1500000,3,0,1,1,1
1793,34,1,1,1500000,3,0,1,1,1
1794,28,1,1,1450000,5,0,1,1,1
1795,27,0,1,850000,4,0,0,0,0
1796,28,1,1,1200000,3,0,0,0,0
1797,28,1,1,800000,3,1,0,0,0
1798,25,1,1,1700000,3,0,1,0,1
1799,26,0,1,1450000,3,0,1,1,1
1800,25,0,1,750000,3,1,0,0,0
1801,29,1,1,1200000,4,0,0,0,0
1802,31,0,1,400000,6,0,0,0,0
1803,33,1,1,1400000,5,0,0,1,1
1804,28,1,1,1100000,5,0,0,0,0
1805,29,1,1,1200000,4,0,0,0,0
1806,26,0,1,550000,4,0,0,0,1
1807,26,1,1,600000,3,0,0,0,0
1808,28,1,1,500000,4,1,0,0,0
1809,28,0,1,300000,6,1,0,0,0
1810,27,1,0,350000,4,0,0,0,0
1811,29,1,1,1100000,8,0,0,0,0
1812,28,1,1,800000,6,0,0,1,0
1813,29,1,1,1350000,4,0,0,1,1
1814,28,1,0,550000,5,0,1,0,1
1815,33,1,1,550000,3,1,0,0,1
1816,34,1,1,1000000,3,0,1,0,0
1817,29,1,1,1050000,7,0,1,0,1
1818,26,0,1,500000,8,0,0,0,0
1819,25,1,1,1400000,3,0,0,1,1
1820,28,1,1,800000,5,0,0,0,0
1821,25,1,0,1350000,5,1,0,1,1
1822,35,1,0,800000,5,0,0,0,0
1823,25,1,1,1800000,6,0,1,0,1
1824,28,1,1,800000,4,1,1,0,0
1825,29,1,1,600000,6,0,0,0,0
1826,29,1,1,1200000,6,0,0,0,0
1827,32,0,1,800000,5,1,1,0,1
1828,28,0,1,300000,3,0,0,0,0
1829,31,1,1,1400000,4,1,0,1,1
1830,25,1,1,1700000,6,0,1,0,1
1831,31,0,0,350000,4,1,0,0,0
1832,29,1,1,1050000,5,0,0,0,0
1833,29,1,1,1200000,5,0,0,0,0
1834,31,1,1,1100000,4,0,1,0,0
1835,31,0,0,400000,5,0,0,0,0
1836,33,0,1,800000,4,0,0,0,0
1837,34,1,1,1300000,5,0,0,1,0
1838,28,1,1,700000,4,1,0,1,0
1839,32,0,1,350000,3,0,0,1,0
1840,28,1,1,900000,8,0,0,0,0
1841,32,0,1,350000,3,0,0,1,0
1842,34,1,1,700000,4,1,1,0,0
1843,28,1,1,1200000,4,0,0,0,0
1844,27,1,0,350000,5,1,0,0,0
1845,28,0,1,300000,5,0,0,0,0
1846,32,0,1,850000,4,0,0,0,0
1847,28,0,1,1200000,3,0,0,0,1
1848,31,0,0,400000,7,1,0,0,0
1849,28,1,1,1250000,7,0,0,0,0
1850,28,0,1,300000,5,0,0,0,0
1851,28,1,0,550000,6,0,0,0,1
1852,28,1,1,1200000,6,1,0,0,0
1853,34,1,1,700000,5,0,0,0,0
1854,34,0,1,1300000,5,0,1,0,1
1855,27,1,0,1550000,4,0,1,0,1
1856,26,1,1,600000,3,0,1,0,0
1857,27,0,1,900000,4,0,0,0,0
1858,30,1,0,750000,3,1,0,0,1
1859,32,0,1,800000,3,1,0,0,0
1860,28,1,1,550000,8,0,0,0,0
1861,34,1,1,1050000,5,0,1,0,0
1862,28,1,1,550000,5,0,0,0,0
1863,34,1,1,500000,5,0,0,0,0
1864,31,0,1,400000,6,1,0,0,1
1865,26,1,1,1400000,6,0,0,1,1
1866,28,0,1,300000,7,1,0,0,0
1867,35,1,0,800000,5,0,0,0,1
1868,25,1,1,1400000,5,0,0,1,1
1869,31,0,1,1500000,2,0,1,1,1
1870,25,1,1,1700000,3,0,1,0,1
1871,34,1,1,1500000,4,0,1,1,1
1872,29,1,1,1050000,7,0,0,0,0
1873,34,1,1,1000000,3,0,0,0,0
1874,29,1,1,500000,3,0,0,0,0
1875,26,1,1,1400000,5,0,0,1,1
1876,34,1,1,1500000,4,1,1,1,1
1877,28,1,1,1100000,7,0,1,0,0
1878,28,1,1,700000,4,0,0,0,1
1879,27,1,0,350000,2,0,0,0,0
1880,27,0,1,1050000,4,1,0,0,1
1881,34,1,1,1300000,4,0,0,0,1
1882,31,1,1,1350000,9,1,0,1,1
1883,27,0,1,500000,4,0,0,0,0
1884,28,0,1,1200000,4,0,0,0,1
1885,35,0,1,1100000,3,0,0,0,0
1886,32,0,1,350000,6,0,0,0,0
1887,31,1,1,900000,5,0,0,0,0
1888,26,1,1,750000,5,1,0,0,0
1889,31,0,1,1300000,6,0,0,0,0
1890,28,0,1,1200000,5,0,0,0,0
1891,28,1,1,800000,7,1,0,0,1
1892,28,1,1,700000,5,0,0,0,0
1893,32,0,1,850000,4,1,0,0,0
1894,28,1,1,700000,4,1,0,0,0
1895,26,0,1,500000,3,0,0,0,0
1896,31,1,1,1400000,3,0,0,1,1
1897,35,0,1,1100000,4,0,1,0,1
1898,25,1,0,600000,4,1,1,0,0
1899,31,1,1,1250000,4,1,0,0,0
1900,27,1,0,1000000,3,1,0,0,0
1901,28,0,1,600000,4,1,0,0,0
1902,33,0,1,400000,2,0,0,0,0
1903,33,0,1,650000,4,0,0,1,1
1904,28,1,1,700000,7,0,1,0,0
1905,25,1,0,600000,4,1,1,0,0
1906,28,1,1,1450000,6,0,1,1,1
1907,28,1,1,600000,5,0,1,0,1
1908,28,1,1,800000,4,0,0,0,0
1909,28,0,0,300000,4,1,0,0,0
1910,28,1,1,1150000,7,0,0,0,0
1911,27,1,0,1550000,6,1,1,0,1
1912,34,1,1,500000,4,0,0,0,0
1913,33,0,1,1100000,5,0,0,0,0
1914,30,1,0,550000,6,0,0,0,0
1915,28,1,1,800000,5,0,0,0,0
1916,28,0,1,1100000,6,1,0,0,0
1917,34,1,0,1300000,4,0,0,0,1
1918,33,1,1,1400000,3,0,0,1,1
1919,28,0,1,300000,6,0,0,0,0
1920,32,0,1,800000,5,0,0,0,0
1921,31,0,0,300000,5,0,0,0,0
1922,34,1,1,500000,4,0,0,0,0
1923,26,1,1,750000,3,0,0,0,0
1924,33,1,1,750000,3,1,0,0,0
1925,33,0,1,400000,5,0,0,0,0
1926,25,1,1,1400000,5,0,0,1,1
1927,34,1,1,1000000,4,0,0,0,1
1928,34,1,1,1500000,7,0,1,1,1
1929,28,0,1,600000,7,1,0,0,1
1930,31,0,1,1200000,7,0,0,0,0
1931,34,1,1,1300000,4,1,0,0,0
1932,35,1,0,800000,4,1,0,0,0
1933,28,1,1,550000,4,1,1,0,0
1934,25,1,0,1350000,3,1,1,1,0
1935,33,0,1,1000000,6,0,1,0,0
1936,33,1,1,1500000,7,0,1,1,1
1937,34,1,1,500000,5,0,1,1,0
1938,34,1,0,1400000,4,0,0,1,0
1939,27,1,0,450000,8,0,0,0,0
1940,25,1,1,1400000,5,0,1,1,0
1941,27,1,0,450000,3,0,0,0,1
1942,28,1,1,900000,5,0,0,0,0
1943,29,1,1,1050000,2,0,0,0,0
1944,34,1,1,1500000,4,1,1,1,1
1945,28,1,0,550000,4,1,0,1,1
1946,32,0,1,850000,7,0,1,1,1
1947,32,0,1,900000,2,0,1,0,0
1948,35,1,0,800000,6,0,1,0,1
1949,34,1,1,700000,6,0,0,0,1
1950,28,1,1,1250000,6,0,0,1,0
1951,27,1,0,600000,4,0,0,0,0
1952,31,0,1,1500000,4,0,1,1,1
1953,34,0,1,1300000,7,0,0,0,1
1954,30,1,0,550000,6,1,0,0,0
1955,33,0,1,1750000,4,0,0,0,0
1956,32,0,1,350000,3,1,0,1,1
1957,31,1,1,1250000,7,0,0,0,0
1958,31,0,1,1300000,3,1,0,0,0
1959,28,1,0,550000,6,0,0,0,0
1960,28,0,1,300000,6,0,0,0,1
1961,26,0,1,500000,3,0,0,0,0
1962,25,1,0,1150000,7,0,0,0,0
1963,33,0,1,1100000,4,0,0,0,1
1964,28,0,1,1100000,4,0,0,0,0
1965,30,1,0,550000,3,0,0,0,1
1966,34,1,1,700000,3,0,1,0,0
1967,34,1,1,700000,3,1,0,0,0
1968,28,0,1,300000,5,1,0,0,0
1969,31,1,1,500000,4,1,0,0,0
1970,29,1,1,500000,4,0,0,0,1
1971,31,1,1,950000,5,0,0,0,0
1972,28,1,1,800000,5,1,0,0,0
1973,31,1,1,1350000,3,0,0,1,1
1974,28,1,1,1200000,6,0,1,0,0
1975,26,1,1,1400000,9,0,0,1,1
1976,32,0,1,900000,6,0,0,0,0
1977,25,1,0,1350000,6,0,0,1,1
1978,34,1,1,700000,5,0,0,0,1
1979,28,1,1,1100000,4,1,0,0,0
1980,25,1,0,1150000,5,1,0,0,0
1981,27,0,1,850000,3,0,0,0,1
1982,33,1,1,1500000,4,0,1,1,1
1983,28,1,1,1750000,5,1,0,1,0
1984,28,1,1,1150000,6,1,0,0,0
1985,34,1,1,1000000,6,0,1,1,1
1986,34,1,1,500000,4,0,0,0,0
